🔄 Starting materialized views refresh...
🔄 Refreshing Daily detection statistics...
✅ Daily detection statistics refreshed successfully
🔄 Refreshing Branch detection statistics...
✅ Branch detection statistics refreshed successfully
🔄 Refreshing Event logs daily statistics...
✅ Event logs daily statistics refreshed successfully
🔄 Refreshing Re-ID masters daily statistics...
✅ Re-ID masters daily statistics refreshed successfully
✅ All materialized views refreshed successfully!
⏱️  Execution time: 11284.4ms
🔄 Starting materialized views refresh...
🔄 Refreshing Daily detection statistics...
✅ Daily detection statistics refreshed successfully
🔄 Refreshing Branch detection statistics...
✅ Branch detection statistics refreshed successfully
🔄 Refreshing Event logs daily statistics...
✅ Event logs daily statistics refreshed successfully
🔄 Refreshing Re-ID masters daily statistics...
✅ Re-ID masters daily statistics refreshed successfully
✅ All materialized views refreshed successfully!
⏱️  Execution time: 12732.67ms
[2025-10-11 02:47:14] 🔄 Starting materialized views refresh...
[2025-10-11 02:47:14] 🔄 Refreshing Daily detection statistics...
[2025-10-11 02:47:14] ✅ Daily detection statistics refreshed successfully
[2025-10-11 02:47:20] 🔄 Refreshing Branch detection statistics...
[2025-10-11 02:47:20] ✅ Branch detection statistics refreshed successfully
[2025-10-11 02:47:28] 🔄 Refreshing Event logs daily statistics...
[2025-10-11 02:47:28] ✅ Event logs daily statistics refreshed successfully
[2025-10-11 02:47:28] 🔄 Refreshing Re-ID masters daily statistics...
[2025-10-11 02:47:28] ✅ Re-ID masters daily statistics refreshed successfully
[2025-10-11 02:47:28] ✅ All materialized views refreshed successfully!
[2025-10-11 02:47:28] ⏱️  Execution time: 14671.05ms
[2025-10-11 03:00:08] 🔄 Starting materialized views refresh...
[2025-10-11 03:00:08] 🔄 Refreshing Daily detection statistics...
[2025-10-11 03:00:08] ✅ Daily detection statistics refreshed successfully
[2025-10-11 03:00:13] 🔄 Refreshing Branch detection statistics...
[2025-10-11 03:00:13] ✅ Branch detection statistics refreshed successfully
[2025-10-11 03:00:22] 🔄 Refreshing Event logs daily statistics...
[2025-10-11 03:00:22] ✅ Event logs daily statistics refreshed successfully
[2025-10-11 03:00:22] 🔄 Refreshing Re-ID masters daily statistics...
[2025-10-11 03:00:22] ✅ Re-ID masters daily statistics refreshed successfully
[2025-10-11 03:00:22] ✅ All materialized views refreshed successfully!
[2025-10-11 03:00:22] ⏱️  Execution time: 14422.34ms
[2025-10-11 03:30:04] 🔄 Starting materialized views refresh...
[2025-10-11 03:30:04] 🔄 Refreshing Daily detection statistics...
[2025-10-11 03:30:04] ❌ Failed to refresh Daily detection statistics: SQLSTATE[42P01]: Undefined table: 7 ERROR:  relation "mv_daily_detection_stats" does not exist (Connection: pgsql, SQL: REFRESH MATERIALIZED VIEW mv_daily_detection_stats)
❌ Error refreshing materialized views: SQLSTATE[42P01]: Undefined table: 7 ERROR:  relation "mv_daily_detection_stats" does not exist (Connection: pgsql, SQL: REFRESH MATERIALIZED VIEW mv_daily_detection_stats)
[2025-10-11 04:00:04] 🔄 Starting materialized views refresh...
[2025-10-11 04:00:04] 🔄 Refreshing Daily detection statistics...
[2025-10-11 04:00:04] ✅ Daily detection statistics refreshed successfully
[2025-10-11 04:00:22] 🔄 Refreshing Branch detection statistics...
[2025-10-11 04:00:22] ❌ Failed to refresh Branch detection statistics: SQLSTATE[42P01]: Undefined table: 7 ERROR:  relation "mv_branch_detection_stats" does not exist (Connection: pgsql, SQL: REFRESH MATERIALIZED VIEW mv_branch_detection_stats)
❌ Error refreshing materialized views: SQLSTATE[42P01]: Undefined table: 7 ERROR:  relation "mv_branch_detection_stats" does not exist (Connection: pgsql, SQL: REFRESH MATERIALIZED VIEW mv_branch_detection_stats)
[2025-10-11 04:30:04] 🔄 Starting materialized views refresh...
[2025-10-11 04:30:04] 🔄 Refreshing Daily detection statistics...
[2025-10-11 04:30:04] ✅ Daily detection statistics refreshed successfully
[2025-10-11 04:30:51] 🔄 Refreshing Branch detection statistics...
[2025-10-11 04:30:51] ❌ Failed to refresh Branch detection statistics: SQLSTATE[42P01]: Undefined table: 7 ERROR:  relation "mv_branch_detection_stats" does not exist (Connection: pgsql, SQL: REFRESH MATERIALIZED VIEW mv_branch_detection_stats)
❌ Error refreshing materialized views: SQLSTATE[42P01]: Undefined table: 7 ERROR:  relation "mv_branch_detection_stats" does not exist (Connection: pgsql, SQL: REFRESH MATERIALIZED VIEW mv_branch_detection_stats)
[2025-10-11 05:00:04] 🔄 Starting materialized views refresh...
[2025-10-11 05:00:04] 🔄 Refreshing Daily detection statistics...
[2025-10-11 05:00:04] ✅ Daily detection statistics refreshed successfully
[2025-10-11 05:00:50] 🔄 Refreshing Branch detection statistics...
[2025-10-11 05:00:50] ❌ Failed to refresh Branch detection statistics: SQLSTATE[42P01]: Undefined table: 7 ERROR:  relation "mv_branch_detection_stats" does not exist (Connection: pgsql, SQL: REFRESH MATERIALIZED VIEW mv_branch_detection_stats)
❌ Error refreshing materialized views: SQLSTATE[42P01]: Undefined table: 7 ERROR:  relation "mv_branch_detection_stats" does not exist (Connection: pgsql, SQL: REFRESH MATERIALIZED VIEW mv_branch_detection_stats)
[2025-10-11 05:30:05] 🔄 Starting materialized views refresh...
[2025-10-11 05:30:05] 🔄 Refreshing Daily detection statistics...
[2025-10-11 05:30:05] ✅ Daily detection statistics refreshed successfully
[2025-10-11 05:30:51] 🔄 Refreshing Branch detection statistics...
[2025-10-11 05:30:51] ❌ Failed to refresh Branch detection statistics: SQLSTATE[42P01]: Undefined table: 7 ERROR:  relation "mv_branch_detection_stats" does not exist (Connection: pgsql, SQL: REFRESH MATERIALIZED VIEW mv_branch_detection_stats)
❌ Error refreshing materialized views: SQLSTATE[42P01]: Undefined table: 7 ERROR:  relation "mv_branch_detection_stats" does not exist (Connection: pgsql, SQL: REFRESH MATERIALIZED VIEW mv_branch_detection_stats)
[2025-10-11 06:00:07] 🔄 Starting materialized views refresh...
[2025-10-11 06:00:07] 🔄 Refreshing Daily detection statistics...
[2025-10-11 06:00:07] ✅ Daily detection statistics refreshed successfully
[2025-10-11 06:00:50] 🔄 Refreshing Branch detection statistics...
[2025-10-11 06:00:50] ❌ Failed to refresh Branch detection statistics: SQLSTATE[42P01]: Undefined table: 7 ERROR:  relation "mv_branch_detection_stats" does not exist (Connection: pgsql, SQL: REFRESH MATERIALIZED VIEW mv_branch_detection_stats)
❌ Error refreshing materialized views: SQLSTATE[42P01]: Undefined table: 7 ERROR:  relation "mv_branch_detection_stats" does not exist (Connection: pgsql, SQL: REFRESH MATERIALIZED VIEW mv_branch_detection_stats)
[2025-10-11 06:30:07] 🔄 Starting materialized views refresh...
[2025-10-11 06:30:07] 🔄 Refreshing Daily detection statistics...
[2025-10-11 06:30:07] ✅ Daily detection statistics refreshed successfully
[2025-10-11 06:30:51] 🔄 Refreshing Branch detection statistics...
[2025-10-11 06:30:51] ❌ Failed to refresh Branch detection statistics: SQLSTATE[42P01]: Undefined table: 7 ERROR:  relation "mv_branch_detection_stats" does not exist (Connection: pgsql, SQL: REFRESH MATERIALIZED VIEW mv_branch_detection_stats)
❌ Error refreshing materialized views: SQLSTATE[42P01]: Undefined table: 7 ERROR:  relation "mv_branch_detection_stats" does not exist (Connection: pgsql, SQL: REFRESH MATERIALIZED VIEW mv_branch_detection_stats)
[2025-10-11 07:00:07] 🔄 Starting materialized views refresh...
[2025-10-11 07:00:07] 🔄 Refreshing Daily detection statistics...
[2025-10-11 07:00:07] ✅ Daily detection statistics refreshed successfully
[2025-10-11 07:00:50] 🔄 Refreshing Branch detection statistics...
[2025-10-11 07:00:50] ❌ Failed to refresh Branch detection statistics: SQLSTATE[42P01]: Undefined table: 7 ERROR:  relation "mv_branch_detection_stats" does not exist (Connection: pgsql, SQL: REFRESH MATERIALIZED VIEW mv_branch_detection_stats)
❌ Error refreshing materialized views: SQLSTATE[42P01]: Undefined table: 7 ERROR:  relation "mv_branch_detection_stats" does not exist (Connection: pgsql, SQL: REFRESH MATERIALIZED VIEW mv_branch_detection_stats)
[2025-10-11 07:30:07] 🔄 Starting materialized views refresh...
[2025-10-11 07:30:07] 🔄 Refreshing Daily detection statistics...
[2025-10-11 07:30:07] ✅ Daily detection statistics refreshed successfully
[2025-10-11 07:30:51] 🔄 Refreshing Branch detection statistics...
[2025-10-11 07:30:51] ❌ Failed to refresh Branch detection statistics: SQLSTATE[42P01]: Undefined table: 7 ERROR:  relation "mv_branch_detection_stats" does not exist (Connection: pgsql, SQL: REFRESH MATERIALIZED VIEW mv_branch_detection_stats)
❌ Error refreshing materialized views: SQLSTATE[42P01]: Undefined table: 7 ERROR:  relation "mv_branch_detection_stats" does not exist (Connection: pgsql, SQL: REFRESH MATERIALIZED VIEW mv_branch_detection_stats)
[2025-10-11 08:00:07] 🔄 Starting materialized views refresh...
[2025-10-11 08:00:07] 🔄 Refreshing Daily detection statistics...
[2025-10-11 08:00:07] ✅ Daily detection statistics refreshed successfully
[2025-10-11 08:00:53] 🔄 Refreshing Branch detection statistics...
[2025-10-11 08:00:53] ❌ Failed to refresh Branch detection statistics: SQLSTATE[42P01]: Undefined table: 7 ERROR:  relation "mv_branch_detection_stats" does not exist (Connection: pgsql, SQL: REFRESH MATERIALIZED VIEW mv_branch_detection_stats)
❌ Error refreshing materialized views: SQLSTATE[42P01]: Undefined table: 7 ERROR:  relation "mv_branch_detection_stats" does not exist (Connection: pgsql, SQL: REFRESH MATERIALIZED VIEW mv_branch_detection_stats)
[2025-10-11 08:30:05] 🔄 Starting materialized views refresh...
[2025-10-11 08:30:05] 🔄 Refreshing Daily detection statistics...
[2025-10-11 08:30:05] ✅ Daily detection statistics refreshed successfully
[2025-10-11 08:30:50] 🔄 Refreshing Branch detection statistics...
[2025-10-11 08:30:50] ❌ Failed to refresh Branch detection statistics: SQLSTATE[42P01]: Undefined table: 7 ERROR:  relation "mv_branch_detection_stats" does not exist (Connection: pgsql, SQL: REFRESH MATERIALIZED VIEW mv_branch_detection_stats)
❌ Error refreshing materialized views: SQLSTATE[42P01]: Undefined table: 7 ERROR:  relation "mv_branch_detection_stats" does not exist (Connection: pgsql, SQL: REFRESH MATERIALIZED VIEW mv_branch_detection_stats)
[2025-10-11 09:00:07] 🔄 Starting materialized views refresh...
[2025-10-11 09:00:07] 🔄 Refreshing Daily detection statistics...
[2025-10-11 09:00:07] ✅ Daily detection statistics refreshed successfully
[2025-10-11 09:00:53] 🔄 Refreshing Branch detection statistics...
[2025-10-11 09:00:53] ❌ Failed to refresh Branch detection statistics: SQLSTATE[42P01]: Undefined table: 7 ERROR:  relation "mv_branch_detection_stats" does not exist (Connection: pgsql, SQL: REFRESH MATERIALIZED VIEW mv_branch_detection_stats)
❌ Error refreshing materialized views: SQLSTATE[42P01]: Undefined table: 7 ERROR:  relation "mv_branch_detection_stats" does not exist (Connection: pgsql, SQL: REFRESH MATERIALIZED VIEW mv_branch_detection_stats)
[2025-10-11 09:30:07] 🔄 Starting materialized views refresh...
[2025-10-11 09:30:07] 🔄 Refreshing Daily detection statistics...
[2025-10-11 09:30:07] ✅ Daily detection statistics refreshed successfully
[2025-10-11 09:30:51] 🔄 Refreshing Branch detection statistics...
[2025-10-11 09:30:51] ❌ Failed to refresh Branch detection statistics: SQLSTATE[42P01]: Undefined table: 7 ERROR:  relation "mv_branch_detection_stats" does not exist (Connection: pgsql, SQL: REFRESH MATERIALIZED VIEW mv_branch_detection_stats)
❌ Error refreshing materialized views: SQLSTATE[42P01]: Undefined table: 7 ERROR:  relation "mv_branch_detection_stats" does not exist (Connection: pgsql, SQL: REFRESH MATERIALIZED VIEW mv_branch_detection_stats)
[2025-10-11 10:00:07] 🔄 Starting materialized views refresh...
[2025-10-11 10:00:07] 🔄 Refreshing Daily detection statistics...
[2025-10-11 10:00:07] ✅ Daily detection statistics refreshed successfully
[2025-10-11 10:00:51] 🔄 Refreshing Branch detection statistics...
[2025-10-11 10:00:51] ❌ Failed to refresh Branch detection statistics: SQLSTATE[42P01]: Undefined table: 7 ERROR:  relation "mv_branch_detection_stats" does not exist (Connection: pgsql, SQL: REFRESH MATERIALIZED VIEW mv_branch_detection_stats)
❌ Error refreshing materialized views: SQLSTATE[42P01]: Undefined table: 7 ERROR:  relation "mv_branch_detection_stats" does not exist (Connection: pgsql, SQL: REFRESH MATERIALIZED VIEW mv_branch_detection_stats)
[2025-10-11 10:30:07] 🔄 Starting materialized views refresh...
[2025-10-11 10:30:07] 🔄 Refreshing Daily detection statistics...
[2025-10-11 10:30:07] ✅ Daily detection statistics refreshed successfully
[2025-10-11 10:30:20] 🔄 Refreshing Branch detection statistics...
[2025-10-11 10:30:20] ✅ Branch detection statistics refreshed successfully
[2025-10-11 10:30:26] 🔄 Refreshing Event logs daily statistics...
[2025-10-11 10:30:26] ✅ Event logs daily statistics refreshed successfully
[2025-10-11 10:30:26] 🔄 Refreshing Re-ID masters daily statistics...
[2025-10-11 10:30:26] ✅ Re-ID masters daily statistics refreshed successfully
[2025-10-11 10:30:26] ✅ All materialized views refreshed successfully!
[2025-10-11 10:30:26] ⏱️  Execution time: 18983.43ms
[2025-10-11 11:00:07] 🔄 Starting materialized views refresh...
[2025-10-11 11:00:07] 🔄 Refreshing Daily detection statistics...
[2025-10-11 11:00:07] ✅ Daily detection statistics refreshed successfully
[2025-10-11 11:00:50] 🔄 Refreshing Branch detection statistics...
[2025-10-11 11:00:50] ✅ Branch detection statistics refreshed successfully
[2025-10-11 11:00:56] 🔄 Refreshing Event logs daily statistics...
[2025-10-11 11:00:56] ✅ Event logs daily statistics refreshed successfully
[2025-10-11 11:00:56] 🔄 Refreshing Re-ID masters daily statistics...
[2025-10-11 11:00:56] ✅ Re-ID masters daily statistics refreshed successfully
[2025-10-11 11:00:56] ✅ All materialized views refreshed successfully!
[2025-10-11 11:00:56] ⏱️  Execution time: 48849.86ms
[2025-10-11 11:30:01] 🔄 Starting materialized views refresh...
[2025-10-11 11:30:01] 🔄 Refreshing Daily detection statistics...
[2025-10-11 11:30:01] ✅ Daily detection statistics refreshed successfully
[2025-10-11 11:30:47] 🔄 Refreshing Branch detection statistics...
[2025-10-11 11:30:47] ✅ Branch detection statistics refreshed successfully
[2025-10-11 11:30:53] 🔄 Refreshing Event logs daily statistics...
[2025-10-11 11:30:53] ✅ Event logs daily statistics refreshed successfully
[2025-10-11 11:30:53] 🔄 Refreshing Re-ID masters daily statistics...
[2025-10-11 11:30:53] ✅ Re-ID masters daily statistics refreshed successfully
[2025-10-11 11:30:53] ✅ All materialized views refreshed successfully!
[2025-10-11 11:30:53] ⏱️  Execution time: 52045.64ms
[2025-10-11 12:00:01] 🔄 Starting materialized views refresh...
[2025-10-11 12:00:01] 🔄 Refreshing Daily detection statistics...
[2025-10-11 12:00:01] ✅ Daily detection statistics refreshed successfully
[2025-10-11 12:00:47] 🔄 Refreshing Branch detection statistics...
[2025-10-11 12:00:47] ✅ Branch detection statistics refreshed successfully
[2025-10-11 12:00:54] 🔄 Refreshing Event logs daily statistics...
[2025-10-11 12:00:54] ✅ Event logs daily statistics refreshed successfully
[2025-10-11 12:00:54] 🔄 Refreshing Re-ID masters daily statistics...
[2025-10-11 12:00:54] ✅ Re-ID masters daily statistics refreshed successfully
[2025-10-11 12:00:54] ✅ All materialized views refreshed successfully!
[2025-10-11 12:00:54] ⏱️  Execution time: 52473.06ms
[2025-10-11 12:30:01] 🔄 Starting materialized views refresh...
[2025-10-11 12:30:01] 🔄 Refreshing Daily detection statistics...
[2025-10-11 12:30:01] ✅ Daily detection statistics refreshed successfully
[2025-10-11 12:30:47] 🔄 Refreshing Branch detection statistics...
[2025-10-11 12:30:47] ✅ Branch detection statistics refreshed successfully
[2025-10-11 12:30:54] 🔄 Refreshing Event logs daily statistics...
[2025-10-11 12:30:54] ✅ Event logs daily statistics refreshed successfully
[2025-10-11 12:30:54] 🔄 Refreshing Re-ID masters daily statistics...
[2025-10-11 12:30:54] ✅ Re-ID masters daily statistics refreshed successfully
[2025-10-11 12:30:54] ✅ All materialized views refreshed successfully!
[2025-10-11 12:30:54] ⏱️  Execution time: 52683.86ms
[2025-10-11 13:00:01] 🔄 Starting materialized views refresh...
[2025-10-11 13:00:01] 🔄 Refreshing Daily detection statistics...
[2025-10-11 13:00:01] ✅ Daily detection statistics refreshed successfully
[2025-10-11 13:00:48] 🔄 Refreshing Branch detection statistics...
[2025-10-11 13:00:48] ✅ Branch detection statistics refreshed successfully
[2025-10-11 13:00:54] 🔄 Refreshing Event logs daily statistics...
[2025-10-11 13:00:54] ✅ Event logs daily statistics refreshed successfully
[2025-10-11 13:00:54] 🔄 Refreshing Re-ID masters daily statistics...
[2025-10-11 13:00:54] ✅ Re-ID masters daily statistics refreshed successfully
[2025-10-11 13:00:54] ✅ All materialized views refreshed successfully!
[2025-10-11 13:00:54] ⏱️  Execution time: 53143.83ms
[2025-10-11 13:30:02] 🔄 Starting materialized views refresh...
[2025-10-11 13:30:02] 🔄 Refreshing Daily detection statistics...
[2025-10-11 13:30:02] ✅ Daily detection statistics refreshed successfully
[2025-10-11 13:30:47] 🔄 Refreshing Branch detection statistics...
[2025-10-11 13:30:47] ✅ Branch detection statistics refreshed successfully
[2025-10-11 13:30:53] 🔄 Refreshing Event logs daily statistics...
[2025-10-11 13:30:53] ✅ Event logs daily statistics refreshed successfully
[2025-10-11 13:30:53] 🔄 Refreshing Re-ID masters daily statistics...
[2025-10-11 13:30:53] ✅ Re-ID masters daily statistics refreshed successfully
[2025-10-11 13:30:53] ✅ All materialized views refreshed successfully!
[2025-10-11 13:30:53] ⏱️  Execution time: 51719.52ms
[2025-10-11 14:00:02] 🔄 Starting materialized views refresh...
[2025-10-11 14:00:02] 🔄 Refreshing Daily detection statistics...
[2025-10-11 14:00:02] ✅ Daily detection statistics refreshed successfully
[2025-10-11 14:00:49] 🔄 Refreshing Branch detection statistics...
[2025-10-11 14:00:49] ✅ Branch detection statistics refreshed successfully
[2025-10-11 14:00:55] 🔄 Refreshing Event logs daily statistics...
[2025-10-11 14:00:55] ✅ Event logs daily statistics refreshed successfully
[2025-10-11 14:00:55] 🔄 Refreshing Re-ID masters daily statistics...
[2025-10-11 14:00:55] ✅ Re-ID masters daily statistics refreshed successfully
[2025-10-11 14:00:55] ✅ All materialized views refreshed successfully!
[2025-10-11 14:00:55] ⏱️  Execution time: 53131.72ms
[2025-10-11 14:30:02] 🔄 Starting materialized views refresh...
[2025-10-11 14:30:02] 🔄 Refreshing Daily detection statistics...
[2025-10-11 14:30:02] ✅ Daily detection statistics refreshed successfully
[2025-10-11 14:30:48] 🔄 Refreshing Branch detection statistics...
[2025-10-11 14:30:48] ✅ Branch detection statistics refreshed successfully
[2025-10-11 14:30:54] 🔄 Refreshing Event logs daily statistics...
[2025-10-11 14:30:54] ✅ Event logs daily statistics refreshed successfully
[2025-10-11 14:30:54] 🔄 Refreshing Re-ID masters daily statistics...
[2025-10-11 14:30:54] ✅ Re-ID masters daily statistics refreshed successfully
[2025-10-11 14:30:54] ✅ All materialized views refreshed successfully!
[2025-10-11 14:30:54] ⏱️  Execution time: 51732.36ms
[2025-10-14 10:30:01] 🔄 Starting materialized views refresh...
[2025-10-14 10:30:01] 🔄 Refreshing Daily detection statistics...
[2025-10-14 10:30:01] ✅ Daily detection statistics refreshed successfully
[2025-10-14 10:30:24] 🔄 Refreshing Branch detection statistics...
[2025-10-14 10:30:24] ✅ Branch detection statistics refreshed successfully
[2025-10-14 10:30:34] 🔄 Refreshing Event logs daily statistics...
[2025-10-14 10:30:34] ✅ Event logs daily statistics refreshed successfully
[2025-10-14 10:30:34] 🔄 Refreshing Re-ID masters daily statistics...
[2025-10-14 10:30:34] ✅ Re-ID masters daily statistics refreshed successfully
[2025-10-14 10:30:34] ✅ All materialized views refreshed successfully!
[2025-10-14 10:30:34] ⏱️  Execution time: 32775.8ms
[2025-10-14 11:00:01] 🔄 Starting materialized views refresh...
[2025-10-14 11:00:01] 🔄 Refreshing Daily detection statistics...
[2025-10-14 11:00:01] ✅ Daily detection statistics refreshed successfully
[2025-10-14 11:00:36] 🔄 Refreshing Branch detection statistics...
[2025-10-14 11:00:36] ✅ Branch detection statistics refreshed successfully
[2025-10-14 11:00:48] 🔄 Refreshing Event logs daily statistics...
[2025-10-14 11:00:48] ✅ Event logs daily statistics refreshed successfully
[2025-10-14 11:00:48] 🔄 Refreshing Re-ID masters daily statistics...
[2025-10-14 11:00:48] ✅ Re-ID masters daily statistics refreshed successfully
[2025-10-14 11:00:48] ✅ All materialized views refreshed successfully!
[2025-10-14 11:00:48] ⏱️  Execution time: 46295.82ms
[2025-10-14 11:30:01] 🔄 Starting materialized views refresh...
[2025-10-14 11:30:01] 🔄 Refreshing Daily detection statistics...
[2025-10-14 11:30:01] ✅ Daily detection statistics refreshed successfully
[2025-10-14 11:30:51] 🔄 Refreshing Branch detection statistics...
[2025-10-14 11:30:51] ✅ Branch detection statistics refreshed successfully
[2025-10-14 11:31:00] 🔄 Refreshing Event logs daily statistics...
[2025-10-14 11:31:00] ✅ Event logs daily statistics refreshed successfully
[2025-10-14 11:31:00] 🔄 Refreshing Re-ID masters daily statistics...
[2025-10-14 11:31:00] ✅ Re-ID masters daily statistics refreshed successfully
[2025-10-14 11:31:00] ✅ All materialized views refreshed successfully!
[2025-10-14 11:31:00] ⏱️  Execution time: 58646.6ms
[2025-10-14 12:00:01] 🔄 Starting materialized views refresh...
[2025-10-14 12:00:01] 🔄 Refreshing Daily detection statistics...
[2025-10-14 12:00:01] ✅ Daily detection statistics refreshed successfully
[2025-10-14 12:00:50] 🔄 Refreshing Branch detection statistics...
[2025-10-14 12:00:50] ✅ Branch detection statistics refreshed successfully
[2025-10-14 12:00:58] 🔄 Refreshing Event logs daily statistics...
[2025-10-14 12:00:58] ✅ Event logs daily statistics refreshed successfully
[2025-10-14 12:00:58] 🔄 Refreshing Re-ID masters daily statistics...
[2025-10-14 12:00:58] ✅ Re-ID masters daily statistics refreshed successfully
[2025-10-14 12:00:58] ✅ All materialized views refreshed successfully!
[2025-10-14 12:00:58] ⏱️  Execution time: 56916.78ms
[2025-10-14 12:30:02] 🔄 Starting materialized views refresh...
[2025-10-14 12:30:02] 🔄 Refreshing Daily detection statistics...
[2025-10-14 12:30:02] ✅ Daily detection statistics refreshed successfully
[2025-10-14 12:30:52] 🔄 Refreshing Branch detection statistics...
[2025-10-14 12:30:52] ✅ Branch detection statistics refreshed successfully
[2025-10-14 12:31:02] 🔄 Refreshing Event logs daily statistics...
[2025-10-14 12:31:02] ✅ Event logs daily statistics refreshed successfully
[2025-10-14 12:31:02] 🔄 Refreshing Re-ID masters daily statistics...
[2025-10-14 12:31:02] ✅ Re-ID masters daily statistics refreshed successfully
[2025-10-14 12:31:02] ✅ All materialized views refreshed successfully!
[2025-10-14 12:31:02] ⏱️  Execution time: 60355.52ms
[2025-10-14 13:00:00] 🔄 Starting materialized views refresh...
[2025-10-14 13:00:00] 🔄 Refreshing Daily detection statistics...
[2025-10-14 13:00:00] ✅ Daily detection statistics refreshed successfully
[2025-10-14 13:00:48] 🔄 Refreshing Branch detection statistics...
[2025-10-14 13:00:48] ✅ Branch detection statistics refreshed successfully
[2025-10-14 13:01:07] 🔄 Refreshing Event logs daily statistics...
[2025-10-14 13:01:07] ✅ Event logs daily statistics refreshed successfully
[2025-10-14 13:01:07] 🔄 Refreshing Re-ID masters daily statistics...
[2025-10-14 13:01:07] ✅ Re-ID masters daily statistics refreshed successfully
[2025-10-14 13:01:07] ✅ All materialized views refreshed successfully!
[2025-10-14 13:01:07] ⏱️  Execution time: 66547.3ms
[2025-10-14 13:30:00] 🔄 Starting materialized views refresh...
[2025-10-14 13:30:00] 🔄 Refreshing Daily detection statistics...
[2025-10-14 13:30:00] ✅ Daily detection statistics refreshed successfully
[2025-10-14 13:31:09] 🔄 Refreshing Branch detection statistics...
[2025-10-14 13:31:09] ✅ Branch detection statistics refreshed successfully
[2025-10-14 13:31:18] 🔄 Refreshing Event logs daily statistics...
[2025-10-14 13:31:18] ✅ Event logs daily statistics refreshed successfully
[2025-10-14 13:31:18] 🔄 Refreshing Re-ID masters daily statistics...
[2025-10-14 13:31:18] ✅ Re-ID masters daily statistics refreshed successfully
[2025-10-14 13:31:18] ✅ All materialized views refreshed successfully!
[2025-10-14 13:31:18] ⏱️  Execution time: 78262.73ms
[2025-10-14 14:00:00] 🔄 Starting materialized views refresh...
[2025-10-14 14:00:00] 🔄 Refreshing Daily detection statistics...
[2025-10-14 14:00:00] ✅ Daily detection statistics refreshed successfully
[2025-10-14 14:01:04] 🔄 Refreshing Branch detection statistics...
[2025-10-14 14:01:04] ✅ Branch detection statistics refreshed successfully
[2025-10-14 14:01:28] 🔄 Refreshing Event logs daily statistics...
[2025-10-14 14:01:28] ✅ Event logs daily statistics refreshed successfully
[2025-10-14 14:01:28] 🔄 Refreshing Re-ID masters daily statistics...
[2025-10-14 14:01:28] ✅ Re-ID masters daily statistics refreshed successfully
[2025-10-14 14:01:28] ✅ All materialized views refreshed successfully!
[2025-10-14 14:01:28] ⏱️  Execution time: 87566.57ms
[2025-10-14 14:30:02] 🔄 Starting materialized views refresh...
[2025-10-14 14:30:02] 🔄 Refreshing Daily detection statistics...
[2025-10-14 14:30:02] ✅ Daily detection statistics refreshed successfully
[2025-10-14 14:30:25] 🔄 Refreshing Branch detection statistics...
[2025-10-14 14:30:25] ✅ Branch detection statistics refreshed successfully
[2025-10-14 14:30:34] 🔄 Refreshing Event logs daily statistics...
[2025-10-14 14:30:34] ✅ Event logs daily statistics refreshed successfully
[2025-10-14 14:30:34] 🔄 Refreshing Re-ID masters daily statistics...
[2025-10-14 14:30:34] ✅ Re-ID masters daily statistics refreshed successfully
[2025-10-14 14:30:34] ✅ All materialized views refreshed successfully!
[2025-10-14 14:30:34] ⏱️  Execution time: 32711.73ms
[2025-10-14 15:00:02] 🔄 Starting materialized views refresh...
[2025-10-14 15:00:02] 🔄 Refreshing Daily detection statistics...
[2025-10-14 15:00:02] ✅ Daily detection statistics refreshed successfully
[2025-10-14 15:01:12] 🔄 Refreshing Branch detection statistics...
[2025-10-14 15:01:12] ✅ Branch detection statistics refreshed successfully
[2025-10-14 15:01:21] 🔄 Refreshing Event logs daily statistics...
[2025-10-14 15:01:21] ✅ Event logs daily statistics refreshed successfully
[2025-10-14 15:01:21] 🔄 Refreshing Re-ID masters daily statistics...
[2025-10-14 15:01:21] ✅ Re-ID masters daily statistics refreshed successfully
[2025-10-14 15:01:21] ✅ All materialized views refreshed successfully!
[2025-10-14 15:01:21] ⏱️  Execution time: 79400.84ms
[2025-10-14 15:30:00] 🔄 Starting materialized views refresh...
[2025-10-14 15:30:00] 🔄 Refreshing Daily detection statistics...
[2025-10-14 15:30:00] ✅ Daily detection statistics refreshed successfully
[2025-10-14 15:31:08] 🔄 Refreshing Branch detection statistics...
[2025-10-14 15:31:08] ✅ Branch detection statistics refreshed successfully
[2025-10-14 15:31:30] 🔄 Refreshing Event logs daily statistics...
[2025-10-14 15:31:30] ✅ Event logs daily statistics refreshed successfully
[2025-10-14 15:31:30] 🔄 Refreshing Re-ID masters daily statistics...
[2025-10-14 15:31:30] ✅ Re-ID masters daily statistics refreshed successfully
[2025-10-14 15:31:30] ✅ All materialized views refreshed successfully!
[2025-10-14 15:31:30] ⏱️  Execution time: 89920.25ms
[2025-10-14 16:00:02] 🔄 Starting materialized views refresh...
[2025-10-14 16:00:02] 🔄 Refreshing Daily detection statistics...
[2025-10-14 16:00:02] ✅ Daily detection statistics refreshed successfully
[2025-10-14 16:00:51] 🔄 Refreshing Branch detection statistics...
[2025-10-14 16:00:51] ✅ Branch detection statistics refreshed successfully
[2025-10-14 16:01:00] 🔄 Refreshing Event logs daily statistics...
[2025-10-14 16:01:00] ✅ Event logs daily statistics refreshed successfully
[2025-10-14 16:01:00] 🔄 Refreshing Re-ID masters daily statistics...
[2025-10-14 16:01:00] ✅ Re-ID masters daily statistics refreshed successfully
[2025-10-14 16:01:00] ✅ All materialized views refreshed successfully!
[2025-10-14 16:01:00] ⏱️  Execution time: 57916.39ms
[2025-10-14 16:30:00] 🔄 Starting materialized views refresh...
[2025-10-14 16:30:00] 🔄 Refreshing Daily detection statistics...
[2025-10-14 16:30:00] ✅ Daily detection statistics refreshed successfully
[2025-10-14 16:30:51] 🔄 Refreshing Branch detection statistics...
[2025-10-14 16:30:51] ✅ Branch detection statistics refreshed successfully
[2025-10-14 16:31:01] 🔄 Refreshing Event logs daily statistics...
[2025-10-14 16:31:01] ✅ Event logs daily statistics refreshed successfully
[2025-10-14 16:31:01] 🔄 Refreshing Re-ID masters daily statistics...
[2025-10-14 16:31:01] ✅ Re-ID masters daily statistics refreshed successfully
[2025-10-14 16:31:01] ✅ All materialized views refreshed successfully!
[2025-10-14 16:31:01] ⏱️  Execution time: 60690.06ms
[2025-10-14 17:00:02] 🔄 Starting materialized views refresh...
[2025-10-14 17:00:02] 🔄 Refreshing Daily detection statistics...
[2025-10-14 17:00:02] ✅ Daily detection statistics refreshed successfully
[2025-10-14 17:00:51] 🔄 Refreshing Branch detection statistics...
[2025-10-14 17:00:51] ✅ Branch detection statistics refreshed successfully
[2025-10-14 17:00:58] 🔄 Refreshing Event logs daily statistics...
[2025-10-14 17:00:58] ✅ Event logs daily statistics refreshed successfully
[2025-10-14 17:00:58] 🔄 Refreshing Re-ID masters daily statistics...
[2025-10-14 17:00:58] ✅ Re-ID masters daily statistics refreshed successfully
[2025-10-14 17:00:58] ✅ All materialized views refreshed successfully!
[2025-10-14 17:00:58] ⏱️  Execution time: 56800.34ms
[2025-10-14 17:30:02] 🔄 Starting materialized views refresh...
[2025-10-14 17:30:02] 🔄 Refreshing Daily detection statistics...
[2025-10-14 17:30:02] ✅ Daily detection statistics refreshed successfully
[2025-10-14 17:30:50] 🔄 Refreshing Branch detection statistics...
[2025-10-14 17:30:50] ✅ Branch detection statistics refreshed successfully
[2025-10-14 17:30:58] 🔄 Refreshing Event logs daily statistics...
[2025-10-14 17:30:58] ✅ Event logs daily statistics refreshed successfully
[2025-10-14 17:30:58] 🔄 Refreshing Re-ID masters daily statistics...
[2025-10-14 17:30:58] ✅ Re-ID masters daily statistics refreshed successfully
[2025-10-14 17:30:58] ✅ All materialized views refreshed successfully!
[2025-10-14 17:30:58] ⏱️  Execution time: 56518.95ms
[2025-10-14 18:00:01] 🔄 Starting materialized views refresh...
[2025-10-14 18:00:01] 🔄 Refreshing Daily detection statistics...
[2025-10-14 18:00:01] ✅ Daily detection statistics refreshed successfully
[2025-10-14 18:01:11] 🔄 Refreshing Branch detection statistics...
[2025-10-14 18:01:11] ✅ Branch detection statistics refreshed successfully
[2025-10-14 18:01:20] 🔄 Refreshing Event logs daily statistics...
[2025-10-14 18:01:20] ✅ Event logs daily statistics refreshed successfully
[2025-10-14 18:01:20] 🔄 Refreshing Re-ID masters daily statistics...
[2025-10-14 18:01:20] ✅ Re-ID masters daily statistics refreshed successfully
[2025-10-14 18:01:20] ✅ All materialized views refreshed successfully!
[2025-10-14 18:01:20] ⏱️  Execution time: 78799.82ms
[2025-10-15 09:30:02] 🔄 Starting materialized views refresh...
[2025-10-15 09:30:02] 🔄 Refreshing Daily detection statistics...
[2025-10-15 09:30:02] ✅ Daily detection statistics refreshed successfully
[2025-10-15 09:32:34] 🔄 Refreshing Branch detection statistics...
[2025-10-15 09:32:34] ✅ Branch detection statistics refreshed successfully
[2025-10-15 09:32:46] 🔄 Refreshing Event logs daily statistics...
[2025-10-15 09:32:46] ✅ Event logs daily statistics refreshed successfully
[2025-10-15 09:32:46] 🔄 Refreshing Re-ID masters daily statistics...
[2025-10-15 09:32:46] ✅ Re-ID masters daily statistics refreshed successfully
[2025-10-15 09:32:46] ✅ All materialized views refreshed successfully!
[2025-10-15 09:32:46] ⏱️  Execution time: 163707.53ms
[2025-10-15 10:00:01] 🔄 Starting materialized views refresh...
[2025-10-15 10:00:01] 🔄 Refreshing Daily detection statistics...
[2025-10-15 10:00:01] ✅ Daily detection statistics refreshed successfully
[2025-10-15 10:01:16] 🔄 Refreshing Branch detection statistics...
[2025-10-15 10:01:16] ✅ Branch detection statistics refreshed successfully
[2025-10-15 10:01:27] 🔄 Refreshing Event logs daily statistics...
[2025-10-15 10:01:27] ✅ Event logs daily statistics refreshed successfully
[2025-10-15 10:01:27] 🔄 Refreshing Re-ID masters daily statistics...
[2025-10-15 10:01:27] ✅ Re-ID masters daily statistics refreshed successfully
[2025-10-15 10:01:27] ✅ All materialized views refreshed successfully!
[2025-10-15 10:01:27] ⏱️  Execution time: 85569.5ms
[2025-10-15 10:30:01] 🔄 Starting materialized views refresh...
[2025-10-15 10:30:01] 🔄 Refreshing Daily detection statistics...
[2025-10-15 10:30:01] ✅ Daily detection statistics refreshed successfully
[2025-10-15 10:30:54] 🔄 Refreshing Branch detection statistics...
[2025-10-15 10:30:54] ✅ Branch detection statistics refreshed successfully
[2025-10-15 10:31:06] 🔄 Refreshing Event logs daily statistics...
[2025-10-15 10:31:06] ✅ Event logs daily statistics refreshed successfully
[2025-10-15 10:31:06] 🔄 Refreshing Re-ID masters daily statistics...
[2025-10-15 10:31:06] ✅ Re-ID masters daily statistics refreshed successfully
[2025-10-15 10:31:06] ✅ All materialized views refreshed successfully!
[2025-10-15 10:31:06] ⏱️  Execution time: 64352.81ms
[2025-10-15 11:00:02] 🔄 Starting materialized views refresh...
[2025-10-15 11:00:02] 🔄 Refreshing Daily detection statistics...
[2025-10-15 11:00:02] ✅ Daily detection statistics refreshed successfully
[2025-10-15 11:00:52] 🔄 Refreshing Branch detection statistics...
[2025-10-15 11:00:52] ✅ Branch detection statistics refreshed successfully
[2025-10-15 11:01:03] 🔄 Refreshing Event logs daily statistics...
[2025-10-15 11:01:03] ✅ Event logs daily statistics refreshed successfully
[2025-10-15 11:01:03] 🔄 Refreshing Re-ID masters daily statistics...
[2025-10-15 11:01:03] ✅ Re-ID masters daily statistics refreshed successfully
[2025-10-15 11:01:03] ✅ All materialized views refreshed successfully!
[2025-10-15 11:01:03] ⏱️  Execution time: 60998ms
[2025-10-15 11:30:01] 🔄 Starting materialized views refresh...
[2025-10-15 11:30:01] 🔄 Refreshing Daily detection statistics...
[2025-10-15 11:30:01] ✅ Daily detection statistics refreshed successfully
[2025-10-15 11:30:52] 🔄 Refreshing Branch detection statistics...
[2025-10-15 11:30:52] ✅ Branch detection statistics refreshed successfully
[2025-10-15 11:31:03] 🔄 Refreshing Event logs daily statistics...
[2025-10-15 11:31:03] ✅ Event logs daily statistics refreshed successfully
[2025-10-15 11:31:03] 🔄 Refreshing Re-ID masters daily statistics...
[2025-10-15 11:31:03] ✅ Re-ID masters daily statistics refreshed successfully
[2025-10-15 11:31:03] ✅ All materialized views refreshed successfully!
[2025-10-15 11:31:03] ⏱️  Execution time: 61324.54ms
[2025-10-15 12:00:01] 🔄 Starting materialized views refresh...
[2025-10-15 12:00:01] 🔄 Refreshing Daily detection statistics...
[2025-10-15 12:00:01] ✅ Daily detection statistics refreshed successfully
[2025-10-15 12:00:53] 🔄 Refreshing Branch detection statistics...
[2025-10-15 12:00:53] ✅ Branch detection statistics refreshed successfully
[2025-10-15 12:01:12] 🔄 Refreshing Event logs daily statistics...
[2025-10-15 12:01:12] ✅ Event logs daily statistics refreshed successfully
[2025-10-15 12:01:12] 🔄 Refreshing Re-ID masters daily statistics...
[2025-10-15 12:01:12] ✅ Re-ID masters daily statistics refreshed successfully
[2025-10-15 12:01:12] ✅ All materialized views refreshed successfully!
[2025-10-15 12:01:12] ⏱️  Execution time: 70632.83ms
[2025-10-15 12:30:01] 🔄 Starting materialized views refresh...
[2025-10-15 12:30:01] 🔄 Refreshing Daily detection statistics...
[2025-10-15 12:30:01] ✅ Daily detection statistics refreshed successfully
[2025-10-15 12:30:50] 🔄 Refreshing Branch detection statistics...
[2025-10-15 12:30:50] ✅ Branch detection statistics refreshed successfully
[2025-10-15 12:31:00] 🔄 Refreshing Event logs daily statistics...
[2025-10-15 12:31:00] ✅ Event logs daily statistics refreshed successfully
[2025-10-15 12:31:00] 🔄 Refreshing Re-ID masters daily statistics...
[2025-10-15 12:31:00] ✅ Re-ID masters daily statistics refreshed successfully
[2025-10-15 12:31:00] ✅ All materialized views refreshed successfully!
[2025-10-15 12:31:00] ⏱️  Execution time: 58928.46ms
[2025-10-16 16:00:02] 🔄 Starting materialized views refresh...
[2025-10-16 16:00:02] 🔄 Refreshing Daily detection statistics...
[2025-10-16 16:00:02] ✅ Daily detection statistics refreshed successfully
[2025-10-16 16:01:11] 🔄 Refreshing Branch detection statistics...
[2025-10-16 16:01:11] ✅ Branch detection statistics refreshed successfully
[2025-10-16 16:01:20] 🔄 Refreshing Event logs daily statistics...
[2025-10-16 16:01:20] ✅ Event logs daily statistics refreshed successfully
[2025-10-16 16:01:20] 🔄 Refreshing Re-ID masters daily statistics...
[2025-10-16 16:01:20] ✅ Re-ID masters daily statistics refreshed successfully
[2025-10-16 16:01:20] ✅ All materialized views refreshed successfully!
[2025-10-16 16:01:20] ⏱️  Execution time: 78744.47ms
[2025-10-16 16:30:01] 🔄 Starting materialized views refresh...
[2025-10-16 16:30:01] 🔄 Refreshing Daily detection statistics...
[2025-10-16 16:30:01] ✅ Daily detection statistics refreshed successfully
[2025-10-16 16:30:52] 🔄 Refreshing Branch detection statistics...
[2025-10-16 16:30:52] ✅ Branch detection statistics refreshed successfully
[2025-10-16 16:31:00] 🔄 Refreshing Event logs daily statistics...
[2025-10-16 16:31:00] ✅ Event logs daily statistics refreshed successfully
[2025-10-16 16:31:00] 🔄 Refreshing Re-ID masters daily statistics...
[2025-10-16 16:31:00] ✅ Re-ID masters daily statistics refreshed successfully
[2025-10-16 16:31:00] ✅ All materialized views refreshed successfully!
[2025-10-16 16:31:00] ⏱️  Execution time: 59365.53ms
[2025-10-16 17:00:02] 🔄 Starting materialized views refresh...
[2025-10-16 17:00:02] 🔄 Refreshing Daily detection statistics...
[2025-10-16 17:00:02] ✅ Daily detection statistics refreshed successfully
[2025-10-16 17:00:50] 🔄 Refreshing Branch detection statistics...
[2025-10-16 17:00:50] ✅ Branch detection statistics refreshed successfully
[2025-10-16 17:00:59] 🔄 Refreshing Event logs daily statistics...
[2025-10-16 17:00:59] ✅ Event logs daily statistics refreshed successfully
[2025-10-16 17:00:59] 🔄 Refreshing Re-ID masters daily statistics...
[2025-10-16 17:00:59] ✅ Re-ID masters daily statistics refreshed successfully
[2025-10-16 17:00:59] ✅ All materialized views refreshed successfully!
[2025-10-16 17:00:59] ⏱️  Execution time: 57428.62ms
[2025-10-16 17:30:02] 🔄 Starting materialized views refresh...
[2025-10-16 17:30:02] 🔄 Refreshing Daily detection statistics...
[2025-10-16 17:30:02] ✅ Daily detection statistics refreshed successfully
[2025-10-16 17:30:55] 🔄 Refreshing Branch detection statistics...
[2025-10-16 17:30:55] ✅ Branch detection statistics refreshed successfully
[2025-10-16 17:31:04] 🔄 Refreshing Event logs daily statistics...
[2025-10-16 17:31:04] ✅ Event logs daily statistics refreshed successfully
[2025-10-16 17:31:05] 🔄 Refreshing Re-ID masters daily statistics...
[2025-10-16 17:31:05] ✅ Re-ID masters daily statistics refreshed successfully
[2025-10-16 17:31:05] ✅ All materialized views refreshed successfully!
[2025-10-16 17:31:05] ⏱️  Execution time: 62760.34ms
[2025-10-16 18:00:01] 🔄 Starting materialized views refresh...
[2025-10-16 18:00:01] 🔄 Refreshing Daily detection statistics...
[2025-10-16 18:00:01] ✅ Daily detection statistics refreshed successfully
[2025-10-16 18:00:49] 🔄 Refreshing Branch detection statistics...
[2025-10-16 18:00:49] ✅ Branch detection statistics refreshed successfully
[2025-10-16 18:00:58] 🔄 Refreshing Event logs daily statistics...
[2025-10-16 18:00:58] ✅ Event logs daily statistics refreshed successfully
[2025-10-16 18:00:58] 🔄 Refreshing Re-ID masters daily statistics...
[2025-10-16 18:00:58] ✅ Re-ID masters daily statistics refreshed successfully
[2025-10-16 18:00:58] ✅ All materialized views refreshed successfully!
[2025-10-16 18:00:58] ⏱️  Execution time: 56799ms
[2025-10-16 18:30:01] 🔄 Starting materialized views refresh...
[2025-10-16 18:30:01] 🔄 Refreshing Daily detection statistics...
[2025-10-16 18:30:01] ✅ Daily detection statistics refreshed successfully
[2025-10-16 18:30:50] 🔄 Refreshing Branch detection statistics...
[2025-10-16 18:30:50] ✅ Branch detection statistics refreshed successfully
[2025-10-16 18:30:58] 🔄 Refreshing Event logs daily statistics...
[2025-10-16 18:30:58] ✅ Event logs daily statistics refreshed successfully
[2025-10-16 18:30:58] 🔄 Refreshing Re-ID masters daily statistics...
[2025-10-16 18:30:58] ✅ Re-ID masters daily statistics refreshed successfully
[2025-10-16 18:30:58] ✅ All materialized views refreshed successfully!
[2025-10-16 18:30:58] ⏱️  Execution time: 56642.93ms
[2025-10-16 19:00:02] 🔄 Starting materialized views refresh...
[2025-10-16 19:00:02] 🔄 Refreshing Daily detection statistics...
[2025-10-16 19:00:02] ✅ Daily detection statistics refreshed successfully
[2025-10-16 19:00:50] 🔄 Refreshing Branch detection statistics...
[2025-10-16 19:00:50] ✅ Branch detection statistics refreshed successfully
[2025-10-16 19:00:58] 🔄 Refreshing Event logs daily statistics...
[2025-10-16 19:00:58] ✅ Event logs daily statistics refreshed successfully
[2025-10-16 19:00:58] 🔄 Refreshing Re-ID masters daily statistics...
[2025-10-16 19:00:58] ✅ Re-ID masters daily statistics refreshed successfully
[2025-10-16 19:00:58] ✅ All materialized views refreshed successfully!
[2025-10-16 19:00:58] ⏱️  Execution time: 56787.82ms
[2025-10-16 19:30:02] 🔄 Starting materialized views refresh...
[2025-10-16 19:30:02] 🔄 Refreshing Daily detection statistics...
[2025-10-16 19:30:02] ✅ Daily detection statistics refreshed successfully
[2025-10-16 19:30:51] 🔄 Refreshing Branch detection statistics...
[2025-10-16 19:30:51] ✅ Branch detection statistics refreshed successfully
[2025-10-16 19:30:59] 🔄 Refreshing Event logs daily statistics...
[2025-10-16 19:30:59] ✅ Event logs daily statistics refreshed successfully
[2025-10-16 19:30:59] 🔄 Refreshing Re-ID masters daily statistics...
[2025-10-16 19:30:59] ✅ Re-ID masters daily statistics refreshed successfully
[2025-10-16 19:30:59] ✅ All materialized views refreshed successfully!
[2025-10-16 19:30:59] ⏱️  Execution time: 57533.61ms
[2025-10-16 20:00:02] 🔄 Starting materialized views refresh...
[2025-10-16 20:00:02] 🔄 Refreshing Daily detection statistics...
[2025-10-16 20:00:02] ✅ Daily detection statistics refreshed successfully
[2025-10-16 20:00:51] 🔄 Refreshing Branch detection statistics...
[2025-10-16 20:00:51] ✅ Branch detection statistics refreshed successfully
[2025-10-16 20:01:00] 🔄 Refreshing Event logs daily statistics...
[2025-10-16 20:01:00] ✅ Event logs daily statistics refreshed successfully
[2025-10-16 20:01:00] 🔄 Refreshing Re-ID masters daily statistics...
[2025-10-16 20:01:00] ✅ Re-ID masters daily statistics refreshed successfully
[2025-10-16 20:01:00] ✅ All materialized views refreshed successfully!
[2025-10-16 20:01:00] ⏱️  Execution time: 57974.12ms
[2025-10-16 20:30:01] 🔄 Starting materialized views refresh...
[2025-10-16 20:30:01] 🔄 Refreshing Daily detection statistics...
[2025-10-16 20:30:01] ✅ Daily detection statistics refreshed successfully
[2025-10-16 20:30:51] 🔄 Refreshing Branch detection statistics...
[2025-10-16 20:30:51] ✅ Branch detection statistics refreshed successfully
[2025-10-16 20:31:03] 🔄 Refreshing Event logs daily statistics...
[2025-10-16 20:31:03] ✅ Event logs daily statistics refreshed successfully
[2025-10-16 20:31:03] 🔄 Refreshing Re-ID masters daily statistics...
[2025-10-16 20:31:03] ✅ Re-ID masters daily statistics refreshed successfully
[2025-10-16 20:31:03] ✅ All materialized views refreshed successfully!
[2025-10-16 20:31:03] ⏱️  Execution time: 61335.53ms
[2025-10-17 12:00:01] 🔄 Starting materialized views refresh...
[2025-10-17 12:00:01] 🔄 Refreshing Daily detection statistics...
[2025-10-17 12:00:01] ✅ Daily detection statistics refreshed successfully
[2025-10-17 12:01:41] 🔄 Refreshing Branch detection statistics...
[2025-10-17 12:01:41] ✅ Branch detection statistics refreshed successfully
[2025-10-17 12:02:10] 🔄 Refreshing Event logs daily statistics...
[2025-10-17 12:02:10] ✅ Event logs daily statistics refreshed successfully
[2025-10-17 12:02:10] 🔄 Refreshing Re-ID masters daily statistics...
[2025-10-17 12:02:10] ✅ Re-ID masters daily statistics refreshed successfully
[2025-10-17 12:02:10] ✅ All materialized views refreshed successfully!
[2025-10-17 12:02:10] ⏱️  Execution time: 128940.02ms
[2025-10-17 12:30:01] 🔄 Starting materialized views refresh...
[2025-10-17 12:30:01] 🔄 Refreshing Daily detection statistics...
[2025-10-17 12:30:01] ✅ Daily detection statistics refreshed successfully
[2025-10-17 12:31:16] 🔄 Refreshing Branch detection statistics...
[2025-10-17 12:31:16] ✅ Branch detection statistics refreshed successfully
[2025-10-17 12:31:39] 🔄 Refreshing Event logs daily statistics...
[2025-10-17 12:31:39] ✅ Event logs daily statistics refreshed successfully
[2025-10-17 12:31:39] 🔄 Refreshing Re-ID masters daily statistics...
[2025-10-17 12:31:39] ✅ Re-ID masters daily statistics refreshed successfully
[2025-10-17 12:31:39] ✅ All materialized views refreshed successfully!
[2025-10-17 12:31:39] ⏱️  Execution time: 97965.19ms
[2025-10-17 13:00:01] 🔄 Starting materialized views refresh...
[2025-10-17 13:00:01] 🔄 Refreshing Daily detection statistics...
[2025-10-17 13:00:01] ✅ Daily detection statistics refreshed successfully
[2025-10-17 13:01:34] 🔄 Refreshing Branch detection statistics...
[2025-10-17 13:01:34] ✅ Branch detection statistics refreshed successfully
[2025-10-17 13:01:51] 🔄 Refreshing Event logs daily statistics...
[2025-10-17 13:01:51] ✅ Event logs daily statistics refreshed successfully
[2025-10-17 13:01:51] 🔄 Refreshing Re-ID masters daily statistics...
[2025-10-17 13:01:51] ✅ Re-ID masters daily statistics refreshed successfully
[2025-10-17 13:01:51] ✅ All materialized views refreshed successfully!
[2025-10-17 13:01:51] ⏱️  Execution time: 109934.82ms
[2025-10-17 13:30:02] 🔄 Starting materialized views refresh...
[2025-10-17 13:30:02] 🔄 Refreshing Daily detection statistics...
[2025-10-17 13:30:02] ✅ Daily detection statistics refreshed successfully
[2025-10-17 13:30:54] 🔄 Refreshing Branch detection statistics...
[2025-10-17 13:30:54] ✅ Branch detection statistics refreshed successfully
[2025-10-17 13:31:05] 🔄 Refreshing Event logs daily statistics...
[2025-10-17 13:31:05] ✅ Event logs daily statistics refreshed successfully
[2025-10-17 13:31:05] 🔄 Refreshing Re-ID masters daily statistics...
[2025-10-17 13:31:05] ✅ Re-ID masters daily statistics refreshed successfully
[2025-10-17 13:31:05] ✅ All materialized views refreshed successfully!
[2025-10-17 13:31:05] ⏱️  Execution time: 63211.17ms
[2025-10-17 14:00:02] 🔄 Starting materialized views refresh...
[2025-10-17 14:00:02] 🔄 Refreshing Daily detection statistics...
[2025-10-17 14:00:02] ✅ Daily detection statistics refreshed successfully
[2025-10-17 14:00:52] 🔄 Refreshing Branch detection statistics...
[2025-10-17 14:00:52] ✅ Branch detection statistics refreshed successfully
[2025-10-17 14:01:15] 🔄 Refreshing Event logs daily statistics...
[2025-10-17 14:01:15] ✅ Event logs daily statistics refreshed successfully
[2025-10-17 14:01:15] 🔄 Refreshing Re-ID masters daily statistics...
[2025-10-17 14:01:15] ✅ Re-ID masters daily statistics refreshed successfully
[2025-10-17 14:01:15] ✅ All materialized views refreshed successfully!
[2025-10-17 14:01:15] ⏱️  Execution time: 72966.16ms
[2025-10-17 14:30:02] 🔄 Starting materialized views refresh...
[2025-10-17 14:30:02] 🔄 Refreshing Daily detection statistics...
[2025-10-17 14:30:02] ✅ Daily detection statistics refreshed successfully
[2025-10-17 14:31:47] 🔄 Refreshing Branch detection statistics...
[2025-10-17 14:31:47] ✅ Branch detection statistics refreshed successfully
[2025-10-17 14:32:12] 🔄 Refreshing Event logs daily statistics...
[2025-10-17 14:32:12] ✅ Event logs daily statistics refreshed successfully
[2025-10-17 14:32:12] 🔄 Refreshing Re-ID masters daily statistics...
[2025-10-17 14:32:12] ✅ Re-ID masters daily statistics refreshed successfully
[2025-10-17 14:32:12] ✅ All materialized views refreshed successfully!
[2025-10-17 14:32:12] ⏱️  Execution time: 129317.96ms
[2025-10-17 15:00:02] 🔄 Starting materialized views refresh...
[2025-10-17 15:00:02] 🔄 Refreshing Daily detection statistics...
[2025-10-17 15:00:02] ✅ Daily detection statistics refreshed successfully
[2025-10-17 15:01:33] 🔄 Refreshing Branch detection statistics...
[2025-10-17 15:01:33] ✅ Branch detection statistics refreshed successfully
[2025-10-17 15:01:43] 🔄 Refreshing Event logs daily statistics...
[2025-10-17 15:01:43] ✅ Event logs daily statistics refreshed successfully
[2025-10-17 15:01:43] 🔄 Refreshing Re-ID masters daily statistics...
[2025-10-17 15:01:43] ✅ Re-ID masters daily statistics refreshed successfully
[2025-10-17 15:01:43] ✅ All materialized views refreshed successfully!
[2025-10-17 15:01:43] ⏱️  Execution time: 101333.66ms
[2025-10-17 15:30:02] 🔄 Starting materialized views refresh...
[2025-10-17 15:30:02] 🔄 Refreshing Daily detection statistics...
[2025-10-17 15:30:02] ✅ Daily detection statistics refreshed successfully
[2025-10-17 15:31:04] 🔄 Refreshing Branch detection statistics...
[2025-10-17 15:31:04] ✅ Branch detection statistics refreshed successfully
[2025-10-17 15:31:15] 🔄 Refreshing Event logs daily statistics...
[2025-10-17 15:31:15] ✅ Event logs daily statistics refreshed successfully
[2025-10-17 15:31:15] 🔄 Refreshing Re-ID masters daily statistics...
[2025-10-17 15:31:15] ✅ Re-ID masters daily statistics refreshed successfully
[2025-10-17 15:31:15] ✅ All materialized views refreshed successfully!
[2025-10-17 15:31:15] ⏱️  Execution time: 72832.03ms
[2025-10-17 16:00:02] 🔄 Starting materialized views refresh...
[2025-10-17 16:00:02] 🔄 Refreshing Daily detection statistics...
[2025-10-17 16:00:02] ✅ Daily detection statistics refreshed successfully
[2025-10-17 16:01:07] 🔄 Refreshing Branch detection statistics...
[2025-10-17 16:01:07] ✅ Branch detection statistics refreshed successfully
[2025-10-17 16:01:17] 🔄 Refreshing Event logs daily statistics...
[2025-10-17 16:01:17] ✅ Event logs daily statistics refreshed successfully
[2025-10-17 16:01:17] 🔄 Refreshing Re-ID masters daily statistics...
[2025-10-17 16:01:17] ✅ Re-ID masters daily statistics refreshed successfully
[2025-10-17 16:01:17] ✅ All materialized views refreshed successfully!
[2025-10-17 16:01:17] ⏱️  Execution time: 75220.09ms
[2025-10-17 16:30:02] 🔄 Starting materialized views refresh...
[2025-10-17 16:30:02] 🔄 Refreshing Daily detection statistics...
[2025-10-17 16:30:02] ✅ Daily detection statistics refreshed successfully
[2025-10-17 16:30:51] 🔄 Refreshing Branch detection statistics...
[2025-10-17 16:30:51] ✅ Branch detection statistics refreshed successfully
[2025-10-17 16:30:59] 🔄 Refreshing Event logs daily statistics...
[2025-10-17 16:30:59] ✅ Event logs daily statistics refreshed successfully
[2025-10-17 16:30:59] 🔄 Refreshing Re-ID masters daily statistics...
[2025-10-17 16:30:59] ✅ Re-ID masters daily statistics refreshed successfully
[2025-10-17 16:30:59] ✅ All materialized views refreshed successfully!
[2025-10-17 16:30:59] ⏱️  Execution time: 57403.64ms
[2025-10-17 17:00:01] 🔄 Starting materialized views refresh...
[2025-10-17 17:00:01] 🔄 Refreshing Daily detection statistics...
[2025-10-17 17:00:01] ✅ Daily detection statistics refreshed successfully
[2025-10-17 17:00:52] 🔄 Refreshing Branch detection statistics...
[2025-10-17 17:00:52] ✅ Branch detection statistics refreshed successfully
[2025-10-17 17:01:01] 🔄 Refreshing Event logs daily statistics...
[2025-10-17 17:01:01] ✅ Event logs daily statistics refreshed successfully
[2025-10-17 17:01:01] 🔄 Refreshing Re-ID masters daily statistics...
[2025-10-17 17:01:01] ✅ Re-ID masters daily statistics refreshed successfully
[2025-10-17 17:01:01] ✅ All materialized views refreshed successfully!
[2025-10-17 17:01:01] ⏱️  Execution time: 59517.49ms
[2025-10-17 17:30:01] 🔄 Starting materialized views refresh...
[2025-10-17 17:30:01] 🔄 Refreshing Daily detection statistics...
[2025-10-17 17:30:01] ✅ Daily detection statistics refreshed successfully
[2025-10-17 17:30:48] 🔄 Refreshing Branch detection statistics...
[2025-10-17 17:30:48] ✅ Branch detection statistics refreshed successfully
[2025-10-17 17:30:57] 🔄 Refreshing Event logs daily statistics...
[2025-10-17 17:30:57] ✅ Event logs daily statistics refreshed successfully
[2025-10-17 17:30:57] 🔄 Refreshing Re-ID masters daily statistics...
[2025-10-17 17:30:57] ✅ Re-ID masters daily statistics refreshed successfully
[2025-10-17 17:30:57] ✅ All materialized views refreshed successfully!
[2025-10-17 17:30:57] ⏱️  Execution time: 55796.19ms
[2025-10-17 18:00:01] 🔄 Starting materialized views refresh...
[2025-10-17 18:00:01] 🔄 Refreshing Daily detection statistics...
[2025-10-17 18:00:01] ✅ Daily detection statistics refreshed successfully
[2025-10-17 18:00:49] 🔄 Refreshing Branch detection statistics...
[2025-10-17 18:00:49] ✅ Branch detection statistics refreshed successfully
[2025-10-17 18:00:58] 🔄 Refreshing Event logs daily statistics...
[2025-10-17 18:00:58] ✅ Event logs daily statistics refreshed successfully
[2025-10-17 18:00:58] 🔄 Refreshing Re-ID masters daily statistics...
[2025-10-17 18:00:58] ✅ Re-ID masters daily statistics refreshed successfully
[2025-10-17 18:00:58] ✅ All materialized views refreshed successfully!
[2025-10-17 18:00:58] ⏱️  Execution time: 56269.65ms
[2025-10-17 18:30:01] 🔄 Starting materialized views refresh...
[2025-10-17 18:30:01] 🔄 Refreshing Daily detection statistics...
[2025-10-17 18:30:01] ✅ Daily detection statistics refreshed successfully
[2025-10-17 18:30:50] 🔄 Refreshing Branch detection statistics...
[2025-10-17 18:30:50] ✅ Branch detection statistics refreshed successfully
[2025-10-17 18:31:00] 🔄 Refreshing Event logs daily statistics...
[2025-10-17 18:31:00] ✅ Event logs daily statistics refreshed successfully
[2025-10-17 18:31:00] 🔄 Refreshing Re-ID masters daily statistics...
[2025-10-17 18:31:00] ✅ Re-ID masters daily statistics refreshed successfully
[2025-10-17 18:31:00] ✅ All materialized views refreshed successfully!
[2025-10-17 18:31:00] ⏱️  Execution time: 59640.63ms
[2025-10-17 19:00:01] 🔄 Starting materialized views refresh...
[2025-10-17 19:00:01] 🔄 Refreshing Daily detection statistics...
[2025-10-17 19:00:01] ✅ Daily detection statistics refreshed successfully
[2025-10-17 19:00:53] 🔄 Refreshing Branch detection statistics...
[2025-10-17 19:00:53] ✅ Branch detection statistics refreshed successfully
[2025-10-17 19:01:04] 🔄 Refreshing Event logs daily statistics...
[2025-10-17 19:01:04] ✅ Event logs daily statistics refreshed successfully
[2025-10-17 19:01:04] 🔄 Refreshing Re-ID masters daily statistics...
[2025-10-17 19:01:04] ✅ Re-ID masters daily statistics refreshed successfully
[2025-10-17 19:01:04] ✅ All materialized views refreshed successfully!
[2025-10-17 19:01:04] ⏱️  Execution time: 63134.64ms
[2025-10-17 19:30:01] 🔄 Starting materialized views refresh...
[2025-10-17 19:30:01] 🔄 Refreshing Daily detection statistics...
[2025-10-17 19:30:01] ✅ Daily detection statistics refreshed successfully
[2025-10-17 19:30:50] 🔄 Refreshing Branch detection statistics...
[2025-10-17 19:30:50] ✅ Branch detection statistics refreshed successfully
[2025-10-17 19:30:59] 🔄 Refreshing Event logs daily statistics...
[2025-10-17 19:30:59] ✅ Event logs daily statistics refreshed successfully
[2025-10-17 19:30:59] 🔄 Refreshing Re-ID masters daily statistics...
[2025-10-17 19:30:59] ✅ Re-ID masters daily statistics refreshed successfully
[2025-10-17 19:30:59] ✅ All materialized views refreshed successfully!
[2025-10-17 19:30:59] ⏱️  Execution time: 58313.42ms
[2025-10-17 20:00:00] 🔄 Starting materialized views refresh...
[2025-10-17 20:00:00] 🔄 Refreshing Daily detection statistics...
[2025-10-17 20:00:00] ✅ Daily detection statistics refreshed successfully
[2025-10-17 20:00:50] 🔄 Refreshing Branch detection statistics...
[2025-10-17 20:00:50] ✅ Branch detection statistics refreshed successfully
[2025-10-17 20:00:58] 🔄 Refreshing Event logs daily statistics...
[2025-10-17 20:00:58] ✅ Event logs daily statistics refreshed successfully
[2025-10-17 20:00:58] 🔄 Refreshing Re-ID masters daily statistics...
[2025-10-17 20:00:58] ✅ Re-ID masters daily statistics refreshed successfully
[2025-10-17 20:00:58] ✅ All materialized views refreshed successfully!
[2025-10-17 20:00:58] ⏱️  Execution time: 57579.72ms
[2025-10-20 12:30:03] 🔄 Starting materialized views refresh...
[2025-10-20 12:30:03] 🔄 Refreshing Daily detection statistics...
[2025-10-20 12:30:03] ✅ Daily detection statistics refreshed successfully
[2025-10-20 12:31:21] 🔄 Refreshing Branch detection statistics...
[2025-10-20 12:31:21] ✅ Branch detection statistics refreshed successfully
[2025-10-20 12:31:32] 🔄 Refreshing Event logs daily statistics...
[2025-10-20 12:31:32] ✅ Event logs daily statistics refreshed successfully
[2025-10-20 12:31:32] 🔄 Refreshing Re-ID masters daily statistics...
[2025-10-20 12:31:32] ✅ Re-ID masters daily statistics refreshed successfully
[2025-10-20 12:31:32] ✅ All materialized views refreshed successfully!
[2025-10-20 12:31:32] ⏱️  Execution time: 89118.52ms
[2025-10-20 12:59:59] 🔄 Starting materialized views refresh...
[2025-10-20 12:59:59] 🔄 Refreshing Daily detection statistics...
[2025-10-20 12:59:59] ✅ Daily detection statistics refreshed successfully
[2025-10-20 13:00:52] 🔄 Refreshing Branch detection statistics...
[2025-10-20 13:00:52] ✅ Branch detection statistics refreshed successfully
[2025-10-20 13:01:00] 🔄 Refreshing Event logs daily statistics...
[2025-10-20 13:01:00] ✅ Event logs daily statistics refreshed successfully
[2025-10-20 13:01:00] 🔄 Refreshing Re-ID masters daily statistics...
[2025-10-20 13:01:00] ✅ Re-ID masters daily statistics refreshed successfully
[2025-10-20 13:01:00] ✅ All materialized views refreshed successfully!
[2025-10-20 13:01:00] ⏱️  Execution time: 61341.35ms
[2025-10-20 13:30:02] 🔄 Starting materialized views refresh...
[2025-10-20 13:30:02] 🔄 Refreshing Daily detection statistics...
[2025-10-20 13:30:02] ✅ Daily detection statistics refreshed successfully
[2025-10-20 13:30:56] 🔄 Refreshing Branch detection statistics...
[2025-10-20 13:30:56] ✅ Branch detection statistics refreshed successfully
[2025-10-20 13:31:08] 🔄 Refreshing Event logs daily statistics...
[2025-10-20 13:31:08] ✅ Event logs daily statistics refreshed successfully
[2025-10-20 13:31:08] 🔄 Refreshing Re-ID masters daily statistics...
[2025-10-20 13:31:08] ✅ Re-ID masters daily statistics refreshed successfully
[2025-10-20 13:31:09] ✅ All materialized views refreshed successfully!
[2025-10-20 13:31:09] ⏱️  Execution time: 66273.47ms
[2025-10-20 14:00:02] 🔄 Starting materialized views refresh...
[2025-10-20 14:00:02] 🔄 Refreshing Daily detection statistics...
[2025-10-20 14:00:02] ✅ Daily detection statistics refreshed successfully
[2025-10-20 14:01:13] 🔄 Refreshing Branch detection statistics...
[2025-10-20 14:01:13] ✅ Branch detection statistics refreshed successfully
[2025-10-20 14:01:24] 🔄 Refreshing Event logs daily statistics...
[2025-10-20 14:01:24] ✅ Event logs daily statistics refreshed successfully
[2025-10-20 14:01:24] 🔄 Refreshing Re-ID masters daily statistics...
[2025-10-20 14:01:24] ✅ Re-ID masters daily statistics refreshed successfully
[2025-10-20 14:01:24] ✅ All materialized views refreshed successfully!
[2025-10-20 14:01:24] ⏱️  Execution time: 82409.53ms
[2025-10-20 14:30:02] 🔄 Starting materialized views refresh...
[2025-10-20 14:30:02] 🔄 Refreshing Daily detection statistics...
[2025-10-20 14:30:02] ✅ Daily detection statistics refreshed successfully
[2025-10-20 14:31:06] 🔄 Refreshing Branch detection statistics...
[2025-10-20 14:31:06] ✅ Branch detection statistics refreshed successfully
[2025-10-20 14:31:19] 🔄 Refreshing Event logs daily statistics...
[2025-10-20 14:31:19] ✅ Event logs daily statistics refreshed successfully
[2025-10-20 14:31:19] 🔄 Refreshing Re-ID masters daily statistics...
[2025-10-20 14:31:19] ✅ Re-ID masters daily statistics refreshed successfully
[2025-10-20 14:31:19] ✅ All materialized views refreshed successfully!
[2025-10-20 14:31:19] ⏱️  Execution time: 76561.31ms
[2025-10-20 15:00:02] 🔄 Starting materialized views refresh...
[2025-10-20 15:00:02] 🔄 Refreshing Daily detection statistics...
[2025-10-20 15:00:02] ✅ Daily detection statistics refreshed successfully
[2025-10-20 15:01:16] 🔄 Refreshing Branch detection statistics...
[2025-10-20 15:01:16] ✅ Branch detection statistics refreshed successfully
[2025-10-20 15:01:25] 🔄 Refreshing Event logs daily statistics...
[2025-10-20 15:01:25] ✅ Event logs daily statistics refreshed successfully
[2025-10-20 15:01:25] 🔄 Refreshing Re-ID masters daily statistics...
[2025-10-20 15:01:25] ✅ Re-ID masters daily statistics refreshed successfully
[2025-10-20 15:01:25] ✅ All materialized views refreshed successfully!
[2025-10-20 15:01:25] ⏱️  Execution time: 83735.76ms
[2025-10-20 15:30:01] 🔄 Starting materialized views refresh...
[2025-10-20 15:30:01] 🔄 Refreshing Daily detection statistics...
[2025-10-20 15:30:01] ✅ Daily detection statistics refreshed successfully
[2025-10-20 15:30:44] 🔄 Refreshing Branch detection statistics...
[2025-10-20 15:30:44] ✅ Branch detection statistics refreshed successfully
[2025-10-20 15:30:58] 🔄 Refreshing Event logs daily statistics...
[2025-10-20 15:30:58] ✅ Event logs daily statistics refreshed successfully
[2025-10-20 15:30:58] 🔄 Refreshing Re-ID masters daily statistics...
[2025-10-20 15:30:58] ✅ Re-ID masters daily statistics refreshed successfully
[2025-10-20 15:30:58] ✅ All materialized views refreshed successfully!
[2025-10-20 15:30:58] ⏱️  Execution time: 56406.71ms
[2025-10-20 16:00:02] 🔄 Starting materialized views refresh...
[2025-10-20 16:00:02] 🔄 Refreshing Daily detection statistics...
[2025-10-20 16:00:02] ✅ Daily detection statistics refreshed successfully
[2025-10-20 16:00:47] 🔄 Refreshing Branch detection statistics...
[2025-10-20 16:00:47] ✅ Branch detection statistics refreshed successfully
[2025-10-20 16:01:00] 🔄 Refreshing Event logs daily statistics...
[2025-10-20 16:01:00] ✅ Event logs daily statistics refreshed successfully
[2025-10-20 16:01:02] 🔄 Refreshing Re-ID masters daily statistics...
[2025-10-20 16:01:02] ✅ Re-ID masters daily statistics refreshed successfully
[2025-10-20 16:01:03] ✅ All materialized views refreshed successfully!
[2025-10-20 16:01:03] ⏱️  Execution time: 60707.86ms
[2025-10-20 16:30:01] 🔄 Starting materialized views refresh...
[2025-10-20 16:30:01] 🔄 Refreshing Daily detection statistics...
[2025-10-20 16:30:01] ✅ Daily detection statistics refreshed successfully
[2025-10-20 16:30:37] 🔄 Refreshing Branch detection statistics...
[2025-10-20 16:30:37] ✅ Branch detection statistics refreshed successfully
[2025-10-20 16:30:50] 🔄 Refreshing Event logs daily statistics...
[2025-10-20 16:30:50] ✅ Event logs daily statistics refreshed successfully
[2025-10-20 16:30:50] 🔄 Refreshing Re-ID masters daily statistics...
[2025-10-20 16:30:50] ✅ Re-ID masters daily statistics refreshed successfully
[2025-10-20 16:30:50] ✅ All materialized views refreshed successfully!
[2025-10-20 16:30:50] ⏱️  Execution time: 48196.14ms
[2025-10-20 17:00:02] 🔄 Starting materialized views refresh...
[2025-10-20 17:00:02] 🔄 Refreshing Daily detection statistics...
[2025-10-20 17:00:02] ✅ Daily detection statistics refreshed successfully
[2025-10-20 17:01:01] 🔄 Refreshing Branch detection statistics...
[2025-10-20 17:01:01] ✅ Branch detection statistics refreshed successfully
[2025-10-20 17:01:10] 🔄 Refreshing Event logs daily statistics...
[2025-10-20 17:01:10] ✅ Event logs daily statistics refreshed successfully
[2025-10-20 17:01:10] 🔄 Refreshing Re-ID masters daily statistics...
[2025-10-20 17:01:10] ✅ Re-ID masters daily statistics refreshed successfully
[2025-10-20 17:01:10] ✅ All materialized views refreshed successfully!
[2025-10-20 17:01:10] ⏱️  Execution time: 68249.11ms
[2025-10-20 17:30:02] 🔄 Starting materialized views refresh...
[2025-10-20 17:30:02] 🔄 Refreshing Daily detection statistics...
[2025-10-20 17:30:02] ✅ Daily detection statistics refreshed successfully
[2025-10-20 17:30:42] 🔄 Refreshing Branch detection statistics...
[2025-10-20 17:30:42] ✅ Branch detection statistics refreshed successfully
[2025-10-20 17:30:56] 🔄 Refreshing Event logs daily statistics...
[2025-10-20 17:30:56] ✅ Event logs daily statistics refreshed successfully
[2025-10-20 17:30:56] 🔄 Refreshing Re-ID masters daily statistics...
[2025-10-20 17:30:56] ✅ Re-ID masters daily statistics refreshed successfully
[2025-10-20 17:30:56] ✅ All materialized views refreshed successfully!
[2025-10-20 17:30:56] ⏱️  Execution time: 53724.36ms
[2025-10-20 18:00:03] 🔄 Starting materialized views refresh...
[2025-10-20 18:00:03] 🔄 Refreshing Daily detection statistics...
[2025-10-20 18:00:03] ✅ Daily detection statistics refreshed successfully
[2025-10-20 18:01:03] 🔄 Refreshing Branch detection statistics...
[2025-10-20 18:01:03] ✅ Branch detection statistics refreshed successfully
[2025-10-20 18:01:17] 🔄 Refreshing Event logs daily statistics...
[2025-10-20 18:01:17] ✅ Event logs daily statistics refreshed successfully
[2025-10-20 18:01:17] 🔄 Refreshing Re-ID masters daily statistics...
[2025-10-20 18:01:17] ✅ Re-ID masters daily statistics refreshed successfully
[2025-10-20 18:01:17] ✅ All materialized views refreshed successfully!
[2025-10-20 18:01:17] ⏱️  Execution time: 74372.15ms
[2025-10-20 18:30:02] 🔄 Starting materialized views refresh...
[2025-10-20 18:30:02] 🔄 Refreshing Daily detection statistics...
[2025-10-20 18:30:02] ✅ Daily detection statistics refreshed successfully
[2025-10-20 18:31:03] 🔄 Refreshing Branch detection statistics...
[2025-10-20 18:31:03] ✅ Branch detection statistics refreshed successfully
[2025-10-20 18:31:15] 🔄 Refreshing Event logs daily statistics...
[2025-10-20 18:31:15] ✅ Event logs daily statistics refreshed successfully
[2025-10-20 18:31:15] 🔄 Refreshing Re-ID masters daily statistics...
[2025-10-20 18:31:15] ✅ Re-ID masters daily statistics refreshed successfully
[2025-10-20 18:31:15] ✅ All materialized views refreshed successfully!
[2025-10-20 18:31:15] ⏱️  Execution time: 73539.4ms
[2025-10-20 19:00:02] 🔄 Starting materialized views refresh...
[2025-10-20 19:00:02] 🔄 Refreshing Daily detection statistics...
[2025-10-20 19:00:02] ✅ Daily detection statistics refreshed successfully
[2025-10-20 19:00:46] 🔄 Refreshing Branch detection statistics...
[2025-10-20 19:00:46] ✅ Branch detection statistics refreshed successfully
[2025-10-20 19:01:13] 🔄 Refreshing Event logs daily statistics...
[2025-10-20 19:01:13] ✅ Event logs daily statistics refreshed successfully
[2025-10-20 19:01:13] 🔄 Refreshing Re-ID masters daily statistics...
[2025-10-20 19:01:13] ✅ Re-ID masters daily statistics refreshed successfully
[2025-10-20 19:01:13] ✅ All materialized views refreshed successfully!
[2025-10-20 19:01:13] ⏱️  Execution time: 70724.19ms
[2025-10-20 19:30:02] 🔄 Starting materialized views refresh...
[2025-10-20 19:30:02] 🔄 Refreshing Daily detection statistics...
[2025-10-20 19:30:02] ✅ Daily detection statistics refreshed successfully
[2025-10-20 19:31:02] 🔄 Refreshing Branch detection statistics...
[2025-10-20 19:31:02] ✅ Branch detection statistics refreshed successfully
[2025-10-20 19:31:16] 🔄 Refreshing Event logs daily statistics...
[2025-10-20 19:31:16] ✅ Event logs daily statistics refreshed successfully
[2025-10-20 19:31:16] 🔄 Refreshing Re-ID masters daily statistics...
[2025-10-20 19:31:16] ✅ Re-ID masters daily statistics refreshed successfully
[2025-10-20 19:31:16] ✅ All materialized views refreshed successfully!
[2025-10-20 19:31:16] ⏱️  Execution time: 74273.65ms
[2025-10-20 20:00:02] 🔄 Starting materialized views refresh...
[2025-10-20 20:00:02] 🔄 Refreshing Daily detection statistics...
[2025-10-20 20:00:02] ✅ Daily detection statistics refreshed successfully
[2025-10-20 20:00:54] 🔄 Refreshing Branch detection statistics...
[2025-10-20 20:00:54] ✅ Branch detection statistics refreshed successfully
[2025-10-20 20:01:06] 🔄 Refreshing Event logs daily statistics...
[2025-10-20 20:01:06] ✅ Event logs daily statistics refreshed successfully
[2025-10-20 20:01:06] 🔄 Refreshing Re-ID masters daily statistics...
[2025-10-20 20:01:06] ✅ Re-ID masters daily statistics refreshed successfully
[2025-10-20 20:01:06] ✅ All materialized views refreshed successfully!
[2025-10-20 20:01:06] ⏱️  Execution time: 63918.1ms
[2025-10-20 20:30:02] 🔄 Starting materialized views refresh...
[2025-10-20 20:30:02] 🔄 Refreshing Daily detection statistics...
[2025-10-20 20:30:02] ✅ Daily detection statistics refreshed successfully
[2025-10-20 20:31:01] 🔄 Refreshing Branch detection statistics...
[2025-10-20 20:31:01] ✅ Branch detection statistics refreshed successfully
[2025-10-20 20:31:26] 🔄 Refreshing Event logs daily statistics...
[2025-10-20 20:31:26] ✅ Event logs daily statistics refreshed successfully
[2025-10-20 20:31:26] 🔄 Refreshing Re-ID masters daily statistics...
[2025-10-20 20:31:26] ✅ Re-ID masters daily statistics refreshed successfully
[2025-10-20 20:31:26] ✅ All materialized views refreshed successfully!
[2025-10-20 20:31:26] ⏱️  Execution time: 84322.16ms
[2025-10-21 09:30:02] 🔄 Starting materialized views refresh...
[2025-10-21 09:30:02] 🔄 Refreshing Daily detection statistics...
[2025-10-21 09:30:02] ✅ Daily detection statistics refreshed successfully
[2025-10-21 09:30:51] 🔄 Refreshing Branch detection statistics...
[2025-10-21 09:30:51] ✅ Branch detection statistics refreshed successfully
[2025-10-21 09:30:59] 🔄 Refreshing Event logs daily statistics...
[2025-10-21 09:30:59] ✅ Event logs daily statistics refreshed successfully
[2025-10-21 09:30:59] 🔄 Refreshing Re-ID masters daily statistics...
[2025-10-21 09:30:59] ✅ Re-ID masters daily statistics refreshed successfully
[2025-10-21 09:30:59] ✅ All materialized views refreshed successfully!
[2025-10-21 09:30:59] ⏱️  Execution time: 56783.81ms
[2025-10-21 10:00:02] 🔄 Starting materialized views refresh...
[2025-10-21 10:00:02] 🔄 Refreshing Daily detection statistics...
[2025-10-21 10:00:02] ✅ Daily detection statistics refreshed successfully
[2025-10-21 10:01:21] 🔄 Refreshing Branch detection statistics...
[2025-10-21 10:01:21] ✅ Branch detection statistics refreshed successfully
[2025-10-21 10:01:32] 🔄 Refreshing Event logs daily statistics...
[2025-10-21 10:01:32] ✅ Event logs daily statistics refreshed successfully
[2025-10-21 10:01:32] 🔄 Refreshing Re-ID masters daily statistics...
[2025-10-21 10:01:32] ✅ Re-ID masters daily statistics refreshed successfully
[2025-10-21 10:01:32] ✅ All materialized views refreshed successfully!
[2025-10-21 10:01:32] ⏱️  Execution time: 90399.03ms
[2025-10-21 10:30:02] 🔄 Starting materialized views refresh...
[2025-10-21 10:30:02] 🔄 Refreshing Daily detection statistics...
[2025-10-21 10:30:02] ✅ Daily detection statistics refreshed successfully
[2025-10-21 10:31:17] 🔄 Refreshing Branch detection statistics...
[2025-10-21 10:31:17] ✅ Branch detection statistics refreshed successfully
[2025-10-21 10:31:28] 🔄 Refreshing Event logs daily statistics...
[2025-10-21 10:31:28] ✅ Event logs daily statistics refreshed successfully
[2025-10-21 10:31:28] 🔄 Refreshing Re-ID masters daily statistics...
[2025-10-21 10:31:28] ✅ Re-ID masters daily statistics refreshed successfully
[2025-10-21 10:31:28] ✅ All materialized views refreshed successfully!
[2025-10-21 10:31:28] ⏱️  Execution time: 85475.79ms
[2025-10-21 11:00:02] 🔄 Starting materialized views refresh...
[2025-10-21 11:00:02] 🔄 Refreshing Daily detection statistics...
[2025-10-21 11:00:02] ✅ Daily detection statistics refreshed successfully
[2025-10-21 11:01:13] 🔄 Refreshing Branch detection statistics...
[2025-10-21 11:01:13] ✅ Branch detection statistics refreshed successfully
[2025-10-21 11:01:24] 🔄 Refreshing Event logs daily statistics...
[2025-10-21 11:01:24] ✅ Event logs daily statistics refreshed successfully
[2025-10-21 11:01:24] 🔄 Refreshing Re-ID masters daily statistics...
[2025-10-21 11:01:24] ✅ Re-ID masters daily statistics refreshed successfully
[2025-10-21 11:01:24] ✅ All materialized views refreshed successfully!
[2025-10-21 11:01:24] ⏱️  Execution time: 82141.41ms
[2025-10-21 11:30:02] 🔄 Starting materialized views refresh...
[2025-10-21 11:30:02] 🔄 Refreshing Daily detection statistics...
[2025-10-21 11:30:02] ✅ Daily detection statistics refreshed successfully
[2025-10-21 11:31:03] 🔄 Refreshing Branch detection statistics...
[2025-10-21 11:31:03] ✅ Branch detection statistics refreshed successfully
[2025-10-21 11:31:14] 🔄 Refreshing Event logs daily statistics...
[2025-10-21 11:31:14] ✅ Event logs daily statistics refreshed successfully
[2025-10-21 11:31:14] 🔄 Refreshing Re-ID masters daily statistics...
[2025-10-21 11:31:14] ✅ Re-ID masters daily statistics refreshed successfully
[2025-10-21 11:31:14] ✅ All materialized views refreshed successfully!
[2025-10-21 11:31:14] ⏱️  Execution time: 71571.24ms
[2025-10-21 12:00:02] 🔄 Starting materialized views refresh...
[2025-10-21 12:00:02] 🔄 Refreshing Daily detection statistics...
[2025-10-21 12:00:02] ✅ Daily detection statistics refreshed successfully
[2025-10-21 12:01:20] 🔄 Refreshing Branch detection statistics...
[2025-10-21 12:01:20] ✅ Branch detection statistics refreshed successfully
[2025-10-21 12:01:36] 🔄 Refreshing Event logs daily statistics...
[2025-10-21 12:01:36] ✅ Event logs daily statistics refreshed successfully
[2025-10-21 12:01:36] 🔄 Refreshing Re-ID masters daily statistics...
[2025-10-21 12:01:36] ✅ Re-ID masters daily statistics refreshed successfully
[2025-10-21 12:01:36] ✅ All materialized views refreshed successfully!
[2025-10-21 12:01:36] ⏱️  Execution time: 94333.47ms
[2025-10-21 12:30:01] 🔄 Starting materialized views refresh...
[2025-10-21 12:30:01] 🔄 Refreshing Daily detection statistics...
[2025-10-21 12:30:01] ✅ Daily detection statistics refreshed successfully
[2025-10-21 12:30:55] 🔄 Refreshing Branch detection statistics...
[2025-10-21 12:30:55] ✅ Branch detection statistics refreshed successfully
[2025-10-21 12:31:06] 🔄 Refreshing Event logs daily statistics...
[2025-10-21 12:31:06] ✅ Event logs daily statistics refreshed successfully
[2025-10-21 12:31:06] 🔄 Refreshing Re-ID masters daily statistics...
[2025-10-21 12:31:06] ✅ Re-ID masters daily statistics refreshed successfully
[2025-10-21 12:31:06] ✅ All materialized views refreshed successfully!
[2025-10-21 12:31:06] ⏱️  Execution time: 64708.6ms
[2025-10-21 13:00:02] 🔄 Starting materialized views refresh...
[2025-10-21 13:00:02] 🔄 Refreshing Daily detection statistics...
[2025-10-21 13:00:02] ✅ Daily detection statistics refreshed successfully
[2025-10-21 13:01:08] 🔄 Refreshing Branch detection statistics...
[2025-10-21 13:01:08] ✅ Branch detection statistics refreshed successfully
[2025-10-21 13:01:21] 🔄 Refreshing Event logs daily statistics...
[2025-10-21 13:01:21] ✅ Event logs daily statistics refreshed successfully
[2025-10-21 13:01:21] 🔄 Refreshing Re-ID masters daily statistics...
[2025-10-21 13:01:21] ✅ Re-ID masters daily statistics refreshed successfully
[2025-10-21 13:01:21] ✅ All materialized views refreshed successfully!
[2025-10-21 13:01:21] ⏱️  Execution time: 78976.64ms
[2025-10-21 14:00:02] 🔄 Starting materialized views refresh...
[2025-10-21 14:00:02] 🔄 Refreshing Daily detection statistics...
[2025-10-21 14:00:02] ✅ Daily detection statistics refreshed successfully
[2025-10-21 14:01:13] 🔄 Refreshing Branch detection statistics...
[2025-10-21 14:01:13] ✅ Branch detection statistics refreshed successfully
[2025-10-21 14:01:24] 🔄 Refreshing Event logs daily statistics...
[2025-10-21 14:01:24] ✅ Event logs daily statistics refreshed successfully
[2025-10-21 14:01:24] 🔄 Refreshing Re-ID masters daily statistics...
[2025-10-21 14:01:24] ✅ Re-ID masters daily statistics refreshed successfully
[2025-10-21 14:01:24] ✅ All materialized views refreshed successfully!
[2025-10-21 14:01:24] ⏱️  Execution time: 81968.27ms
[2025-10-21 14:30:01] 🔄 Starting materialized views refresh...
[2025-10-21 14:30:01] 🔄 Refreshing Daily detection statistics...
[2025-10-21 14:30:01] ✅ Daily detection statistics refreshed successfully
[2025-10-21 14:30:55] 🔄 Refreshing Branch detection statistics...
[2025-10-21 14:30:55] ✅ Branch detection statistics refreshed successfully
[2025-10-21 14:31:07] 🔄 Refreshing Event logs daily statistics...
[2025-10-21 14:31:07] ✅ Event logs daily statistics refreshed successfully
[2025-10-21 14:31:07] 🔄 Refreshing Re-ID masters daily statistics...
[2025-10-21 14:31:07] ✅ Re-ID masters daily statistics refreshed successfully
[2025-10-21 14:31:07] ✅ All materialized views refreshed successfully!
[2025-10-21 14:31:07] ⏱️  Execution time: 66055.83ms
[2025-10-21 15:00:01] 🔄 Starting materialized views refresh...
[2025-10-21 15:00:01] 🔄 Refreshing Daily detection statistics...
[2025-10-21 15:00:01] ✅ Daily detection statistics refreshed successfully
[2025-10-21 15:00:56] 🔄 Refreshing Branch detection statistics...
[2025-10-21 15:00:56] ✅ Branch detection statistics refreshed successfully
[2025-10-21 15:01:06] 🔄 Refreshing Event logs daily statistics...
[2025-10-21 15:01:06] ✅ Event logs daily statistics refreshed successfully
[2025-10-21 15:01:06] 🔄 Refreshing Re-ID masters daily statistics...
[2025-10-21 15:01:06] ✅ Re-ID masters daily statistics refreshed successfully
[2025-10-21 15:01:06] ✅ All materialized views refreshed successfully!
[2025-10-21 15:01:06] ⏱️  Execution time: 65262.99ms
[2025-10-21 15:30:02] 🔄 Starting materialized views refresh...
[2025-10-21 15:30:02] 🔄 Refreshing Daily detection statistics...
[2025-10-21 15:30:02] ✅ Daily detection statistics refreshed successfully
[2025-10-21 15:30:51] 🔄 Refreshing Branch detection statistics...
[2025-10-21 15:30:51] ✅ Branch detection statistics refreshed successfully
[2025-10-21 15:31:00] 🔄 Refreshing Event logs daily statistics...
[2025-10-21 15:31:00] ✅ Event logs daily statistics refreshed successfully
[2025-10-21 15:31:00] 🔄 Refreshing Re-ID masters daily statistics...
[2025-10-21 15:31:00] ✅ Re-ID masters daily statistics refreshed successfully
[2025-10-21 15:31:00] ✅ All materialized views refreshed successfully!
[2025-10-21 15:31:00] ⏱️  Execution time: 58532.46ms
[2025-10-21 16:00:02] 🔄 Starting materialized views refresh...
[2025-10-21 16:00:02] 🔄 Refreshing Daily detection statistics...
[2025-10-21 16:00:02] ✅ Daily detection statistics refreshed successfully
[2025-10-21 16:00:53] 🔄 Refreshing Branch detection statistics...
[2025-10-21 16:00:53] ✅ Branch detection statistics refreshed successfully
[2025-10-21 16:01:06] 🔄 Refreshing Event logs daily statistics...
[2025-10-21 16:01:06] ✅ Event logs daily statistics refreshed successfully
[2025-10-21 16:01:06] 🔄 Refreshing Re-ID masters daily statistics...
[2025-10-21 16:01:06] ✅ Re-ID masters daily statistics refreshed successfully
[2025-10-21 16:01:06] ✅ All materialized views refreshed successfully!
[2025-10-21 16:01:06] ⏱️  Execution time: 64662.41ms
[2025-10-21 16:30:02] 🔄 Starting materialized views refresh...
[2025-10-21 16:30:02] 🔄 Refreshing Daily detection statistics...
[2025-10-21 16:30:02] ✅ Daily detection statistics refreshed successfully
[2025-10-21 16:31:03] 🔄 Refreshing Branch detection statistics...
[2025-10-21 16:31:03] ✅ Branch detection statistics refreshed successfully
[2025-10-21 16:31:12] 🔄 Refreshing Event logs daily statistics...
[2025-10-21 16:31:12] ✅ Event logs daily statistics refreshed successfully
[2025-10-21 16:31:13] 🔄 Refreshing Re-ID masters daily statistics...
[2025-10-21 16:31:13] ✅ Re-ID masters daily statistics refreshed successfully
[2025-10-21 16:31:13] ✅ All materialized views refreshed successfully!
[2025-10-21 16:31:13] ⏱️  Execution time: 70829.43ms
[2025-10-21 17:00:01] 🔄 Starting materialized views refresh...
[2025-10-21 17:00:01] 🔄 Refreshing Daily detection statistics...
[2025-10-21 17:00:01] ✅ Daily detection statistics refreshed successfully
[2025-10-21 17:01:42] 🔄 Refreshing Branch detection statistics...
[2025-10-21 17:01:42] ✅ Branch detection statistics refreshed successfully
[2025-10-21 17:02:09] 🔄 Refreshing Event logs daily statistics...
[2025-10-21 17:02:09] ✅ Event logs daily statistics refreshed successfully
[2025-10-21 17:02:09] 🔄 Refreshing Re-ID masters daily statistics...
[2025-10-21 17:02:09] ✅ Re-ID masters daily statistics refreshed successfully
[2025-10-21 17:02:09] ✅ All materialized views refreshed successfully!
[2025-10-21 17:02:09] ⏱️  Execution time: 127932.92ms
[2025-10-21 17:30:02] 🔄 Starting materialized views refresh...
[2025-10-21 17:30:02] 🔄 Refreshing Daily detection statistics...
[2025-10-21 17:30:02] ✅ Daily detection statistics refreshed successfully
[2025-10-21 17:30:56] 🔄 Refreshing Branch detection statistics...
[2025-10-21 17:30:56] ✅ Branch detection statistics refreshed successfully
[2025-10-21 17:31:07] 🔄 Refreshing Event logs daily statistics...
[2025-10-21 17:31:07] ✅ Event logs daily statistics refreshed successfully
[2025-10-21 17:31:07] 🔄 Refreshing Re-ID masters daily statistics...
[2025-10-21 17:31:07] ✅ Re-ID masters daily statistics refreshed successfully
[2025-10-21 17:31:07] ✅ All materialized views refreshed successfully!
[2025-10-21 17:31:07] ⏱️  Execution time: 65179.35ms
[2025-10-21 18:00:02] 🔄 Starting materialized views refresh...
[2025-10-21 18:00:02] 🔄 Refreshing Daily detection statistics...
[2025-10-21 18:00:02] ✅ Daily detection statistics refreshed successfully
[2025-10-21 18:01:15] 🔄 Refreshing Branch detection statistics...
[2025-10-21 18:01:15] ✅ Branch detection statistics refreshed successfully
[2025-10-21 18:01:38] 🔄 Refreshing Event logs daily statistics...
[2025-10-21 18:01:38] ✅ Event logs daily statistics refreshed successfully
[2025-10-21 18:01:38] 🔄 Refreshing Re-ID masters daily statistics...
[2025-10-21 18:01:38] ✅ Re-ID masters daily statistics refreshed successfully
[2025-10-21 18:01:38] ✅ All materialized views refreshed successfully!
[2025-10-21 18:01:38] ⏱️  Execution time: 96569.04ms
[2025-10-22 10:30:01] 🔄 Starting materialized views refresh...
[2025-10-22 10:30:01] 🔄 Refreshing Daily detection statistics...
[2025-10-22 10:30:01] ✅ Daily detection statistics refreshed successfully
[2025-10-22 10:30:54] 🔄 Refreshing Branch detection statistics...
[2025-10-22 10:30:54] ✅ Branch detection statistics refreshed successfully
[2025-10-22 10:31:04] 🔄 Refreshing Event logs daily statistics...
[2025-10-22 10:31:04] ✅ Event logs daily statistics refreshed successfully
[2025-10-22 10:31:04] 🔄 Refreshing Re-ID masters daily statistics...
[2025-10-22 10:31:04] ✅ Re-ID masters daily statistics refreshed successfully
[2025-10-22 10:31:04] ✅ All materialized views refreshed successfully!
[2025-10-22 10:31:04] ⏱️  Execution time: 63284.89ms
[2025-10-22 11:00:01] 🔄 Starting materialized views refresh...
[2025-10-22 11:00:01] 🔄 Refreshing Daily detection statistics...
[2025-10-22 11:00:01] ✅ Daily detection statistics refreshed successfully
[2025-10-22 11:01:54] 🔄 Refreshing Branch detection statistics...
[2025-10-22 11:01:54] ✅ Branch detection statistics refreshed successfully
[2025-10-22 11:02:09] 🔄 Refreshing Event logs daily statistics...
[2025-10-22 11:02:09] ✅ Event logs daily statistics refreshed successfully
[2025-10-22 11:02:09] 🔄 Refreshing Re-ID masters daily statistics...
[2025-10-22 11:02:09] ✅ Re-ID masters daily statistics refreshed successfully
[2025-10-22 11:02:09] ✅ All materialized views refreshed successfully!
[2025-10-22 11:02:09] ⏱️  Execution time: 128378.75ms
[2025-10-22 11:30:01] 🔄 Starting materialized views refresh...
[2025-10-22 11:30:01] 🔄 Refreshing Daily detection statistics...
[2025-10-22 11:30:01] ✅ Daily detection statistics refreshed successfully
[2025-10-22 11:30:53] 🔄 Refreshing Branch detection statistics...
[2025-10-22 11:30:53] ✅ Branch detection statistics refreshed successfully
[2025-10-22 11:31:04] 🔄 Refreshing Event logs daily statistics...
[2025-10-22 11:31:04] ✅ Event logs daily statistics refreshed successfully
[2025-10-22 11:31:04] 🔄 Refreshing Re-ID masters daily statistics...
[2025-10-22 11:31:04] ✅ Re-ID masters daily statistics refreshed successfully
[2025-10-22 11:31:04] ✅ All materialized views refreshed successfully!
[2025-10-22 11:31:04] ⏱️  Execution time: 63842.43ms
[2025-10-22 12:00:02] 🔄 Starting materialized views refresh...
[2025-10-22 12:00:02] 🔄 Refreshing Daily detection statistics...
[2025-10-22 12:00:02] ✅ Daily detection statistics refreshed successfully
[2025-10-22 12:01:28] 🔄 Refreshing Branch detection statistics...
[2025-10-22 12:01:28] ✅ Branch detection statistics refreshed successfully
[2025-10-22 12:01:38] 🔄 Refreshing Event logs daily statistics...
[2025-10-22 12:01:38] ✅ Event logs daily statistics refreshed successfully
[2025-10-22 12:01:38] 🔄 Refreshing Re-ID masters daily statistics...
[2025-10-22 12:01:38] ✅ Re-ID masters daily statistics refreshed successfully
[2025-10-22 12:01:38] ✅ All materialized views refreshed successfully!
[2025-10-22 12:01:38] ⏱️  Execution time: 95722.87ms
[2025-10-22 12:30:02] 🔄 Starting materialized views refresh...
[2025-10-22 12:30:02] 🔄 Refreshing Daily detection statistics...
[2025-10-22 12:30:02] ✅ Daily detection statistics refreshed successfully
[2025-10-22 12:31:21] 🔄 Refreshing Branch detection statistics...
[2025-10-22 12:31:21] ✅ Branch detection statistics refreshed successfully
[2025-10-22 12:31:31] 🔄 Refreshing Event logs daily statistics...
[2025-10-22 12:31:31] ✅ Event logs daily statistics refreshed successfully
[2025-10-22 12:31:31] 🔄 Refreshing Re-ID masters daily statistics...
[2025-10-22 12:31:31] ✅ Re-ID masters daily statistics refreshed successfully
[2025-10-22 12:31:31] ✅ All materialized views refreshed successfully!
[2025-10-22 12:31:31] ⏱️  Execution time: 88874.78ms
[2025-10-22 13:00:02] 🔄 Starting materialized views refresh...
[2025-10-22 13:00:02] 🔄 Refreshing Daily detection statistics...
[2025-10-22 13:00:02] ✅ Daily detection statistics refreshed successfully
[2025-10-22 13:01:16] 🔄 Refreshing Branch detection statistics...
[2025-10-22 13:01:16] ✅ Branch detection statistics refreshed successfully
[2025-10-22 13:01:28] 🔄 Refreshing Event logs daily statistics...
[2025-10-22 13:01:28] ✅ Event logs daily statistics refreshed successfully
[2025-10-22 13:01:28] 🔄 Refreshing Re-ID masters daily statistics...
[2025-10-22 13:01:28] ✅ Re-ID masters daily statistics refreshed successfully
[2025-10-22 13:01:28] ✅ All materialized views refreshed successfully!
[2025-10-22 13:01:28] ⏱️  Execution time: 86198.61ms
[2025-10-22 13:30:02] 🔄 Starting materialized views refresh...
[2025-10-22 13:30:02] 🔄 Refreshing Daily detection statistics...
[2025-10-22 13:30:02] ✅ Daily detection statistics refreshed successfully
[2025-10-22 13:31:00] 🔄 Refreshing Branch detection statistics...
[2025-10-22 13:31:00] ✅ Branch detection statistics refreshed successfully
[2025-10-22 13:31:13] 🔄 Refreshing Event logs daily statistics...
[2025-10-22 13:31:13] ✅ Event logs daily statistics refreshed successfully
[2025-10-22 13:31:13] 🔄 Refreshing Re-ID masters daily statistics...
[2025-10-22 13:31:13] ✅ Re-ID masters daily statistics refreshed successfully
[2025-10-22 13:31:13] ✅ All materialized views refreshed successfully!
[2025-10-22 13:31:13] ⏱️  Execution time: 70922.26ms
[2025-10-22 14:00:02] 🔄 Starting materialized views refresh...
[2025-10-22 14:00:02] 🔄 Refreshing Daily detection statistics...
[2025-10-22 14:00:02] ✅ Daily detection statistics refreshed successfully
[2025-10-22 14:01:06] 🔄 Refreshing Branch detection statistics...
[2025-10-22 14:01:06] ✅ Branch detection statistics refreshed successfully
[2025-10-22 14:01:29] 🔄 Refreshing Event logs daily statistics...
[2025-10-22 14:01:29] ✅ Event logs daily statistics refreshed successfully
[2025-10-22 14:01:29] 🔄 Refreshing Re-ID masters daily statistics...
[2025-10-22 14:01:29] ✅ Re-ID masters daily statistics refreshed successfully
[2025-10-22 14:01:29] ✅ All materialized views refreshed successfully!
[2025-10-22 14:01:29] ⏱️  Execution time: 87690.52ms
[2025-10-22 14:30:03] 🔄 Starting materialized views refresh...
[2025-10-22 14:30:03] 🔄 Refreshing Daily detection statistics...
[2025-10-22 14:30:03] ✅ Daily detection statistics refreshed successfully
[2025-10-22 14:31:02] 🔄 Refreshing Branch detection statistics...
[2025-10-22 14:31:02] ✅ Branch detection statistics refreshed successfully
[2025-10-22 14:31:15] 🔄 Refreshing Event logs daily statistics...
[2025-10-22 14:31:15] ✅ Event logs daily statistics refreshed successfully
[2025-10-22 14:31:15] 🔄 Refreshing Re-ID masters daily statistics...
[2025-10-22 14:31:15] ✅ Re-ID masters daily statistics refreshed successfully
[2025-10-22 14:31:15] ✅ All materialized views refreshed successfully!
[2025-10-22 14:31:15] ⏱️  Execution time: 72548.39ms
[2025-10-22 15:00:01] 🔄 Starting materialized views refresh...
[2025-10-22 15:00:01] 🔄 Refreshing Daily detection statistics...
[2025-10-22 15:00:01] ✅ Daily detection statistics refreshed successfully
[2025-10-22 15:01:15] 🔄 Refreshing Branch detection statistics...
[2025-10-22 15:01:15] ✅ Branch detection statistics refreshed successfully
[2025-10-22 15:01:27] 🔄 Refreshing Event logs daily statistics...
[2025-10-22 15:01:27] ✅ Event logs daily statistics refreshed successfully
[2025-10-22 15:01:27] 🔄 Refreshing Re-ID masters daily statistics...
[2025-10-22 15:01:27] ✅ Re-ID masters daily statistics refreshed successfully
[2025-10-22 15:01:27] ✅ All materialized views refreshed successfully!
[2025-10-22 15:01:27] ⏱️  Execution time: 85974.48ms
[2025-10-22 15:30:02] 🔄 Starting materialized views refresh...
[2025-10-22 15:30:02] 🔄 Refreshing Daily detection statistics...
[2025-10-22 15:30:02] ✅ Daily detection statistics refreshed successfully
[2025-10-22 15:31:02] 🔄 Refreshing Branch detection statistics...
[2025-10-22 15:31:02] ✅ Branch detection statistics refreshed successfully
[2025-10-22 15:31:26] 🔄 Refreshing Event logs daily statistics...
[2025-10-22 15:31:26] ✅ Event logs daily statistics refreshed successfully
[2025-10-22 15:31:26] 🔄 Refreshing Re-ID masters daily statistics...
[2025-10-22 15:31:26] ✅ Re-ID masters daily statistics refreshed successfully
[2025-10-22 15:31:26] ✅ All materialized views refreshed successfully!
[2025-10-22 15:31:26] ⏱️  Execution time: 84400.98ms
[2025-10-22 16:00:01] 🔄 Starting materialized views refresh...
[2025-10-22 16:00:01] 🔄 Refreshing Daily detection statistics...
[2025-10-22 16:00:01] ✅ Daily detection statistics refreshed successfully
[2025-10-22 16:00:47] 🔄 Refreshing Branch detection statistics...
[2025-10-22 16:00:47] ✅ Branch detection statistics refreshed successfully
[2025-10-22 16:01:07] 🔄 Refreshing Event logs daily statistics...
[2025-10-22 16:01:07] ✅ Event logs daily statistics refreshed successfully
[2025-10-22 16:01:07] 🔄 Refreshing Re-ID masters daily statistics...
[2025-10-22 16:01:07] ✅ Re-ID masters daily statistics refreshed successfully
[2025-10-22 16:01:07] ✅ All materialized views refreshed successfully!
[2025-10-22 16:01:07] ⏱️  Execution time: 66949.91ms
[2025-10-22 16:30:00] 🔄 Starting materialized views refresh...
[2025-10-22 16:30:00] 🔄 Refreshing Daily detection statistics...
[2025-10-22 16:30:00] ✅ Daily detection statistics refreshed successfully
[2025-10-22 16:31:32] 🔄 Refreshing Branch detection statistics...
[2025-10-22 16:31:32] ✅ Branch detection statistics refreshed successfully
[2025-10-22 16:31:42] 🔄 Refreshing Event logs daily statistics...
[2025-10-22 16:31:42] ✅ Event logs daily statistics refreshed successfully
[2025-10-22 16:31:42] 🔄 Refreshing Re-ID masters daily statistics...
[2025-10-22 16:31:42] ✅ Re-ID masters daily statistics refreshed successfully
[2025-10-22 16:31:42] ✅ All materialized views refreshed successfully!
[2025-10-22 16:31:42] ⏱️  Execution time: 102935.63ms
[2025-10-22 17:00:01] 🔄 Starting materialized views refresh...
[2025-10-22 17:00:01] 🔄 Refreshing Daily detection statistics...
[2025-10-22 17:00:01] ✅ Daily detection statistics refreshed successfully
[2025-10-22 17:00:56] 🔄 Refreshing Branch detection statistics...
[2025-10-22 17:00:56] ✅ Branch detection statistics refreshed successfully
[2025-10-22 17:01:05] 🔄 Refreshing Event logs daily statistics...
[2025-10-22 17:01:05] ✅ Event logs daily statistics refreshed successfully
[2025-10-22 17:01:05] 🔄 Refreshing Re-ID masters daily statistics...
[2025-10-22 17:01:05] ✅ Re-ID masters daily statistics refreshed successfully
[2025-10-22 17:01:05] ✅ All materialized views refreshed successfully!
[2025-10-22 17:01:05] ⏱️  Execution time: 63862.57ms
[2025-10-22 17:30:02] 🔄 Starting materialized views refresh...
[2025-10-22 17:30:02] 🔄 Refreshing Daily detection statistics...
[2025-10-22 17:30:02] ✅ Daily detection statistics refreshed successfully
[2025-10-22 17:31:19] 🔄 Refreshing Branch detection statistics...
[2025-10-22 17:31:19] ✅ Branch detection statistics refreshed successfully
[2025-10-22 17:31:33] 🔄 Refreshing Event logs daily statistics...
[2025-10-22 17:31:33] ✅ Event logs daily statistics refreshed successfully
[2025-10-22 17:31:33] 🔄 Refreshing Re-ID masters daily statistics...
[2025-10-22 17:31:33] ✅ Re-ID masters daily statistics refreshed successfully
[2025-10-22 17:31:33] ✅ All materialized views refreshed successfully!
[2025-10-22 17:31:33] ⏱️  Execution time: 91594.65ms
[2025-10-22 18:00:02] 🔄 Starting materialized views refresh...
[2025-10-22 18:00:02] 🔄 Refreshing Daily detection statistics...
[2025-10-22 18:00:02] ✅ Daily detection statistics refreshed successfully
[2025-10-22 18:01:17] 🔄 Refreshing Branch detection statistics...
[2025-10-22 18:01:17] ✅ Branch detection statistics refreshed successfully
[2025-10-22 18:01:26] 🔄 Refreshing Event logs daily statistics...
[2025-10-22 18:01:26] ✅ Event logs daily statistics refreshed successfully
[2025-10-22 18:01:26] 🔄 Refreshing Re-ID masters daily statistics...
[2025-10-22 18:01:26] ✅ Re-ID masters daily statistics refreshed successfully
[2025-10-22 18:01:26] ✅ All materialized views refreshed successfully!
[2025-10-22 18:01:26] ⏱️  Execution time: 84297.74ms
[2025-10-22 18:30:02] 🔄 Starting materialized views refresh...
[2025-10-22 18:30:02] 🔄 Refreshing Daily detection statistics...
[2025-10-22 18:30:02] ✅ Daily detection statistics refreshed successfully
[2025-10-22 18:31:10] 🔄 Refreshing Branch detection statistics...
[2025-10-22 18:31:10] ✅ Branch detection statistics refreshed successfully
[2025-10-22 18:31:22] 🔄 Refreshing Event logs daily statistics...
[2025-10-22 18:31:22] ✅ Event logs daily statistics refreshed successfully
[2025-10-22 18:31:22] 🔄 Refreshing Re-ID masters daily statistics...
[2025-10-22 18:31:22] ✅ Re-ID masters daily statistics refreshed successfully
[2025-10-22 18:31:22] ✅ All materialized views refreshed successfully!
[2025-10-22 18:31:22] ⏱️  Execution time: 80040.43ms
[2025-10-22 19:00:02] 🔄 Starting materialized views refresh...
[2025-10-22 19:00:02] 🔄 Refreshing Daily detection statistics...
[2025-10-22 19:00:02] ✅ Daily detection statistics refreshed successfully
[2025-10-22 19:00:49] 🔄 Refreshing Branch detection statistics...
[2025-10-22 19:00:49] ✅ Branch detection statistics refreshed successfully
[2025-10-22 19:01:03] 🔄 Refreshing Event logs daily statistics...
[2025-10-22 19:01:03] ✅ Event logs daily statistics refreshed successfully
[2025-10-22 19:01:03] 🔄 Refreshing Re-ID masters daily statistics...
[2025-10-22 19:01:03] ✅ Re-ID masters daily statistics refreshed successfully
[2025-10-22 19:01:03] ✅ All materialized views refreshed successfully!
[2025-10-22 19:01:03] ⏱️  Execution time: 61134.11ms
[2025-10-22 19:30:02] 🔄 Starting materialized views refresh...
[2025-10-22 19:30:02] 🔄 Refreshing Daily detection statistics...
[2025-10-22 19:30:02] ✅ Daily detection statistics refreshed successfully
[2025-10-22 19:31:00] 🔄 Refreshing Branch detection statistics...
[2025-10-22 19:31:00] ✅ Branch detection statistics refreshed successfully
[2025-10-22 19:31:14] 🔄 Refreshing Event logs daily statistics...
[2025-10-22 19:31:14] ✅ Event logs daily statistics refreshed successfully
[2025-10-22 19:31:14] 🔄 Refreshing Re-ID masters daily statistics...
[2025-10-22 19:31:14] ✅ Re-ID masters daily statistics refreshed successfully
[2025-10-22 19:31:14] ✅ All materialized views refreshed successfully!
[2025-10-22 19:31:14] ⏱️  Execution time: 72044.86ms
[2025-10-22 20:00:02] 🔄 Starting materialized views refresh...
[2025-10-22 20:00:02] 🔄 Refreshing Daily detection statistics...
[2025-10-22 20:00:02] ✅ Daily detection statistics refreshed successfully
[2025-10-22 20:01:05] 🔄 Refreshing Branch detection statistics...
[2025-10-22 20:01:05] ✅ Branch detection statistics refreshed successfully
[2025-10-22 20:01:18] 🔄 Refreshing Event logs daily statistics...
[2025-10-22 20:01:18] ✅ Event logs daily statistics refreshed successfully
[2025-10-22 20:01:18] 🔄 Refreshing Re-ID masters daily statistics...
[2025-10-22 20:01:18] ✅ Re-ID masters daily statistics refreshed successfully
[2025-10-22 20:01:18] ✅ All materialized views refreshed successfully!
[2025-10-22 20:01:18] ⏱️  Execution time: 75450.17ms
[2025-10-22 22:00:02] 🔄 Starting materialized views refresh...
[2025-10-22 22:00:02] 🔄 Refreshing Daily detection statistics...
[2025-10-22 22:00:02] ✅ Daily detection statistics refreshed successfully
[2025-10-22 22:01:09] 🔄 Refreshing Branch detection statistics...
[2025-10-22 22:01:09] ✅ Branch detection statistics refreshed successfully
[2025-10-22 22:01:18] 🔄 Refreshing Event logs daily statistics...
[2025-10-22 22:01:18] ✅ Event logs daily statistics refreshed successfully
[2025-10-22 22:01:18] 🔄 Refreshing Re-ID masters daily statistics...
[2025-10-22 22:01:18] ✅ Re-ID masters daily statistics refreshed successfully
[2025-10-22 22:01:18] ✅ All materialized views refreshed successfully!
[2025-10-22 22:01:18] ⏱️  Execution time: 76587.99ms
[2025-10-22 22:30:02] 🔄 Starting materialized views refresh...
[2025-10-22 22:30:02] 🔄 Refreshing Daily detection statistics...
[2025-10-22 22:30:02] ✅ Daily detection statistics refreshed successfully
[2025-10-22 22:31:10] 🔄 Refreshing Branch detection statistics...
[2025-10-22 22:31:10] ✅ Branch detection statistics refreshed successfully
[2025-10-22 22:31:20] 🔄 Refreshing Event logs daily statistics...
[2025-10-22 22:31:20] ✅ Event logs daily statistics refreshed successfully
[2025-10-22 22:31:20] 🔄 Refreshing Re-ID masters daily statistics...
[2025-10-22 22:31:20] ✅ Re-ID masters daily statistics refreshed successfully
[2025-10-22 22:31:20] ✅ All materialized views refreshed successfully!
[2025-10-22 22:31:20] ⏱️  Execution time: 78160.24ms
[2025-10-22 23:00:02] 🔄 Starting materialized views refresh...
[2025-10-22 23:00:02] 🔄 Refreshing Daily detection statistics...
[2025-10-22 23:00:02] ✅ Daily detection statistics refreshed successfully
[2025-10-22 23:00:51] 🔄 Refreshing Branch detection statistics...
[2025-10-22 23:00:51] ✅ Branch detection statistics refreshed successfully
[2025-10-22 23:01:00] 🔄 Refreshing Event logs daily statistics...
[2025-10-22 23:01:00] ✅ Event logs daily statistics refreshed successfully
[2025-10-22 23:01:00] 🔄 Refreshing Re-ID masters daily statistics...
[2025-10-22 23:01:00] ✅ Re-ID masters daily statistics refreshed successfully
[2025-10-22 23:01:00] ✅ All materialized views refreshed successfully!
[2025-10-22 23:01:00] ⏱️  Execution time: 58335.69ms
[2025-10-22 23:30:02] 🔄 Starting materialized views refresh...
[2025-10-22 23:30:02] 🔄 Refreshing Daily detection statistics...
[2025-10-22 23:30:02] ✅ Daily detection statistics refreshed successfully
[2025-10-22 23:30:50] 🔄 Refreshing Branch detection statistics...
[2025-10-22 23:30:50] ✅ Branch detection statistics refreshed successfully
[2025-10-22 23:30:58] 🔄 Refreshing Event logs daily statistics...
[2025-10-22 23:30:58] ✅ Event logs daily statistics refreshed successfully
[2025-10-22 23:30:58] 🔄 Refreshing Re-ID masters daily statistics...
[2025-10-22 23:30:58] ✅ Re-ID masters daily statistics refreshed successfully
[2025-10-22 23:30:58] ✅ All materialized views refreshed successfully!
[2025-10-22 23:30:58] ⏱️  Execution time: 56587.8ms
[2025-10-23 00:00:02] 🔄 Starting materialized views refresh...
[2025-10-23 00:00:02] 🔄 Refreshing Daily detection statistics...
[2025-10-23 00:00:02] ✅ Daily detection statistics refreshed successfully
[2025-10-23 00:00:51] 🔄 Refreshing Branch detection statistics...
[2025-10-23 00:00:51] ✅ Branch detection statistics refreshed successfully
[2025-10-23 00:00:59] 🔄 Refreshing Event logs daily statistics...
[2025-10-23 00:00:59] ✅ Event logs daily statistics refreshed successfully
[2025-10-23 00:00:59] 🔄 Refreshing Re-ID masters daily statistics...
[2025-10-23 00:00:59] ✅ Re-ID masters daily statistics refreshed successfully
[2025-10-23 00:00:59] ✅ All materialized views refreshed successfully!
[2025-10-23 00:00:59] ⏱️  Execution time: 56809.29ms
[2025-10-23 00:30:00] 🔄 Starting materialized views refresh...
[2025-10-23 00:30:00] 🔄 Refreshing Daily detection statistics...
[2025-10-23 00:30:00] ✅ Daily detection statistics refreshed successfully
[2025-10-23 00:30:49] 🔄 Refreshing Branch detection statistics...
[2025-10-23 00:30:49] ✅ Branch detection statistics refreshed successfully
[2025-10-23 00:30:57] 🔄 Refreshing Event logs daily statistics...
[2025-10-23 00:30:57] ✅ Event logs daily statistics refreshed successfully
[2025-10-23 00:30:57] 🔄 Refreshing Re-ID masters daily statistics...
[2025-10-23 00:30:57] ✅ Re-ID masters daily statistics refreshed successfully
[2025-10-23 00:30:57] ✅ All materialized views refreshed successfully!
[2025-10-23 00:30:57] ⏱️  Execution time: 56569.23ms
[2025-10-23 01:00:00] 🔄 Starting materialized views refresh...
[2025-10-23 01:00:00] 🔄 Refreshing Daily detection statistics...
[2025-10-23 01:00:00] ✅ Daily detection statistics refreshed successfully
[2025-10-23 01:00:50] 🔄 Refreshing Branch detection statistics...
[2025-10-23 01:00:50] ✅ Branch detection statistics refreshed successfully
[2025-10-23 01:00:58] 🔄 Refreshing Event logs daily statistics...
[2025-10-23 01:00:58] ✅ Event logs daily statistics refreshed successfully
[2025-10-23 01:00:58] 🔄 Refreshing Re-ID masters daily statistics...
[2025-10-23 01:00:58] ✅ Re-ID masters daily statistics refreshed successfully
[2025-10-23 01:00:58] ✅ All materialized views refreshed successfully!
[2025-10-23 01:00:58] ⏱️  Execution time: 57800.04ms
[2025-10-23 12:00:03] 🔄 Starting materialized views refresh...
[2025-10-23 12:00:03] 🔄 Refreshing Daily detection statistics...
[2025-10-23 12:00:03] ✅ Daily detection statistics refreshed successfully
[2025-10-23 12:01:27] 🔄 Refreshing Branch detection statistics...
[2025-10-23 12:01:27] ✅ Branch detection statistics refreshed successfully
[2025-10-23 12:01:41] 🔄 Refreshing Event logs daily statistics...
[2025-10-23 12:01:41] ✅ Event logs daily statistics refreshed successfully
[2025-10-23 12:01:41] 🔄 Refreshing Re-ID masters daily statistics...
[2025-10-23 12:01:41] ✅ Re-ID masters daily statistics refreshed successfully
[2025-10-23 12:01:41] ✅ All materialized views refreshed successfully!
[2025-10-23 12:01:41] ⏱️  Execution time: 98409.7ms
[2025-10-23 12:30:02] 🔄 Starting materialized views refresh...
[2025-10-23 12:30:02] 🔄 Refreshing Daily detection statistics...
[2025-10-23 12:30:02] ✅ Daily detection statistics refreshed successfully
[2025-10-23 12:31:14] 🔄 Refreshing Branch detection statistics...
[2025-10-23 12:31:14] ✅ Branch detection statistics refreshed successfully
[2025-10-23 12:31:28] 🔄 Refreshing Event logs daily statistics...
[2025-10-23 12:31:28] ✅ Event logs daily statistics refreshed successfully
[2025-10-23 12:31:28] 🔄 Refreshing Re-ID masters daily statistics...
[2025-10-23 12:31:28] ✅ Re-ID masters daily statistics refreshed successfully
[2025-10-23 12:31:28] ✅ All materialized views refreshed successfully!
[2025-10-23 12:31:28] ⏱️  Execution time: 85752.82ms
[2025-10-23 13:00:02] 🔄 Starting materialized views refresh...
[2025-10-23 13:00:02] 🔄 Refreshing Daily detection statistics...
[2025-10-23 13:00:02] ✅ Daily detection statistics refreshed successfully
[2025-10-23 13:01:03] 🔄 Refreshing Branch detection statistics...
[2025-10-23 13:01:03] ✅ Branch detection statistics refreshed successfully
[2025-10-23 13:01:14] 🔄 Refreshing Event logs daily statistics...
[2025-10-23 13:01:14] ✅ Event logs daily statistics refreshed successfully
[2025-10-23 13:01:14] 🔄 Refreshing Re-ID masters daily statistics...
[2025-10-23 13:01:14] ✅ Re-ID masters daily statistics refreshed successfully
[2025-10-23 13:01:14] ✅ All materialized views refreshed successfully!
[2025-10-23 13:01:14] ⏱️  Execution time: 72609.93ms
[2025-10-23 13:30:02] 🔄 Starting materialized views refresh...
[2025-10-23 13:30:02] 🔄 Refreshing Daily detection statistics...
[2025-10-23 13:30:02] ✅ Daily detection statistics refreshed successfully
[2025-10-23 13:31:38] 🔄 Refreshing Branch detection statistics...
[2025-10-23 13:31:38] ✅ Branch detection statistics refreshed successfully
[2025-10-23 13:31:51] 🔄 Refreshing Event logs daily statistics...
[2025-10-23 13:31:51] ✅ Event logs daily statistics refreshed successfully
[2025-10-23 13:31:51] 🔄 Refreshing Re-ID masters daily statistics...
[2025-10-23 13:31:51] ✅ Re-ID masters daily statistics refreshed successfully
[2025-10-23 13:31:51] ✅ All materialized views refreshed successfully!
[2025-10-23 13:31:51] ⏱️  Execution time: 108537.7ms
[2025-10-23 14:00:02] 🔄 Starting materialized views refresh...
[2025-10-23 14:00:02] 🔄 Refreshing Daily detection statistics...
[2025-10-23 14:00:02] ✅ Daily detection statistics refreshed successfully
[2025-10-23 14:01:10] 🔄 Refreshing Branch detection statistics...
[2025-10-23 14:01:10] ✅ Branch detection statistics refreshed successfully
[2025-10-23 14:01:34] 🔄 Refreshing Event logs daily statistics...
[2025-10-23 14:01:34] ✅ Event logs daily statistics refreshed successfully
[2025-10-23 14:01:34] 🔄 Refreshing Re-ID masters daily statistics...
[2025-10-23 14:01:34] ✅ Re-ID masters daily statistics refreshed successfully
[2025-10-23 14:01:34] ✅ All materialized views refreshed successfully!
[2025-10-23 14:01:34] ⏱️  Execution time: 91926.64ms
[2025-10-23 14:30:01] 🔄 Starting materialized views refresh...
[2025-10-23 14:30:01] 🔄 Refreshing Daily detection statistics...
[2025-10-23 14:30:01] ✅ Daily detection statistics refreshed successfully
[2025-10-23 14:30:49] 🔄 Refreshing Branch detection statistics...
[2025-10-23 14:30:49] ✅ Branch detection statistics refreshed successfully
[2025-10-23 14:31:01] 🔄 Refreshing Event logs daily statistics...
[2025-10-23 14:31:01] ✅ Event logs daily statistics refreshed successfully
[2025-10-23 14:31:01] 🔄 Refreshing Re-ID masters daily statistics...
[2025-10-23 14:31:01] ✅ Re-ID masters daily statistics refreshed successfully
[2025-10-23 14:31:01] ✅ All materialized views refreshed successfully!
[2025-10-23 14:31:01] ⏱️  Execution time: 59379.62ms
[2025-10-23 15:00:01] 🔄 Starting materialized views refresh...
[2025-10-23 15:00:01] 🔄 Refreshing Daily detection statistics...
[2025-10-23 15:00:01] ✅ Daily detection statistics refreshed successfully
[2025-10-23 15:01:13] 🔄 Refreshing Branch detection statistics...
[2025-10-23 15:01:13] ✅ Branch detection statistics refreshed successfully
[2025-10-23 15:01:25] 🔄 Refreshing Event logs daily statistics...
[2025-10-23 15:01:25] ✅ Event logs daily statistics refreshed successfully
[2025-10-23 15:01:25] 🔄 Refreshing Re-ID masters daily statistics...
[2025-10-23 15:01:25] ✅ Re-ID masters daily statistics refreshed successfully
[2025-10-23 15:01:25] ✅ All materialized views refreshed successfully!
[2025-10-23 15:01:25] ⏱️  Execution time: 83883.06ms
[2025-10-23 15:30:02] 🔄 Starting materialized views refresh...
[2025-10-23 15:30:02] 🔄 Refreshing Daily detection statistics...
[2025-10-23 15:30:02] ✅ Daily detection statistics refreshed successfully
[2025-10-23 15:30:41] 🔄 Refreshing Branch detection statistics...
[2025-10-23 15:30:41] ✅ Branch detection statistics refreshed successfully
[2025-10-23 15:30:55] 🔄 Refreshing Event logs daily statistics...
[2025-10-23 15:30:55] ✅ Event logs daily statistics refreshed successfully
[2025-10-23 15:30:55] 🔄 Refreshing Re-ID masters daily statistics...
[2025-10-23 15:30:55] ✅ Re-ID masters daily statistics refreshed successfully
[2025-10-23 15:30:55] ✅ All materialized views refreshed successfully!
[2025-10-23 15:30:55] ⏱️  Execution time: 53200.35ms
[2025-10-23 16:00:02] 🔄 Starting materialized views refresh...
[2025-10-23 16:00:02] 🔄 Refreshing Daily detection statistics...
[2025-10-23 16:00:02] ✅ Daily detection statistics refreshed successfully
[2025-10-23 16:01:01] 🔄 Refreshing Branch detection statistics...
[2025-10-23 16:01:01] ✅ Branch detection statistics refreshed successfully
[2025-10-23 16:01:11] 🔄 Refreshing Event logs daily statistics...
[2025-10-23 16:01:11] ✅ Event logs daily statistics refreshed successfully
[2025-10-23 16:01:11] 🔄 Refreshing Re-ID masters daily statistics...
[2025-10-23 16:01:11] ✅ Re-ID masters daily statistics refreshed successfully
[2025-10-23 16:01:11] ✅ All materialized views refreshed successfully!
[2025-10-23 16:01:11] ⏱️  Execution time: 69615.8ms
[2025-10-23 16:30:02] 🔄 Starting materialized views refresh...
[2025-10-23 16:30:02] 🔄 Refreshing Daily detection statistics...
[2025-10-23 16:30:02] ✅ Daily detection statistics refreshed successfully
[2025-10-23 16:30:59] 🔄 Refreshing Branch detection statistics...
[2025-10-23 16:30:59] ✅ Branch detection statistics refreshed successfully
[2025-10-23 16:31:12] 🔄 Refreshing Event logs daily statistics...
[2025-10-23 16:31:12] ✅ Event logs daily statistics refreshed successfully
[2025-10-23 16:31:12] 🔄 Refreshing Re-ID masters daily statistics...
[2025-10-23 16:31:12] ✅ Re-ID masters daily statistics refreshed successfully
[2025-10-23 16:31:12] ✅ All materialized views refreshed successfully!
[2025-10-23 16:31:12] ⏱️  Execution time: 70401.57ms
[2025-10-23 17:00:02] 🔄 Starting materialized views refresh...
[2025-10-23 17:00:02] 🔄 Refreshing Daily detection statistics...
[2025-10-23 17:00:02] ✅ Daily detection statistics refreshed successfully
[2025-10-23 17:00:56] 🔄 Refreshing Branch detection statistics...
[2025-10-23 17:00:56] ✅ Branch detection statistics refreshed successfully
[2025-10-23 17:01:06] 🔄 Refreshing Event logs daily statistics...
[2025-10-23 17:01:06] ✅ Event logs daily statistics refreshed successfully
[2025-10-23 17:01:06] 🔄 Refreshing Re-ID masters daily statistics...
[2025-10-23 17:01:06] ✅ Re-ID masters daily statistics refreshed successfully
[2025-10-23 17:01:06] ✅ All materialized views refreshed successfully!
[2025-10-23 17:01:06] ⏱️  Execution time: 64029.52ms
[2025-10-23 17:30:03] 🔄 Starting materialized views refresh...
[2025-10-23 17:30:03] 🔄 Refreshing Daily detection statistics...
[2025-10-23 17:30:03] ✅ Daily detection statistics refreshed successfully
[2025-10-23 17:31:24] 🔄 Refreshing Branch detection statistics...
[2025-10-23 17:31:24] ✅ Branch detection statistics refreshed successfully
[2025-10-23 17:31:43] 🔄 Refreshing Event logs daily statistics...
[2025-10-23 17:31:43] ✅ Event logs daily statistics refreshed successfully
[2025-10-23 17:31:43] 🔄 Refreshing Re-ID masters daily statistics...
[2025-10-23 17:31:43] ✅ Re-ID masters daily statistics refreshed successfully
[2025-10-23 17:31:43] ✅ All materialized views refreshed successfully!
[2025-10-23 17:31:43] ⏱️  Execution time: 100112.08ms
[2025-10-23 18:00:02] 🔄 Starting materialized views refresh...
[2025-10-23 18:00:02] 🔄 Refreshing Daily detection statistics...
[2025-10-23 18:00:02] ✅ Daily detection statistics refreshed successfully
[2025-10-23 18:00:52] 🔄 Refreshing Branch detection statistics...
[2025-10-23 18:00:52] ✅ Branch detection statistics refreshed successfully
[2025-10-23 18:01:01] 🔄 Refreshing Event logs daily statistics...
[2025-10-23 18:01:01] ✅ Event logs daily statistics refreshed successfully
[2025-10-23 18:01:01] 🔄 Refreshing Re-ID masters daily statistics...
[2025-10-23 18:01:01] ✅ Re-ID masters daily statistics refreshed successfully
[2025-10-23 18:01:01] ✅ All materialized views refreshed successfully!
[2025-10-23 18:01:01] ⏱️  Execution time: 59005.22ms
[2025-10-23 18:30:02] 🔄 Starting materialized views refresh...
[2025-10-23 18:30:02] 🔄 Refreshing Daily detection statistics...
[2025-10-23 18:30:02] ✅ Daily detection statistics refreshed successfully
[2025-10-23 18:30:55] 🔄 Refreshing Branch detection statistics...
[2025-10-23 18:30:55] ✅ Branch detection statistics refreshed successfully
[2025-10-23 18:31:06] 🔄 Refreshing Event logs daily statistics...
[2025-10-23 18:31:06] ✅ Event logs daily statistics refreshed successfully
[2025-10-23 18:31:06] 🔄 Refreshing Re-ID masters daily statistics...
[2025-10-23 18:31:06] ✅ Re-ID masters daily statistics refreshed successfully
[2025-10-23 18:31:06] ✅ All materialized views refreshed successfully!
[2025-10-23 18:31:06] ⏱️  Execution time: 63468.67ms
[2025-10-23 19:00:02] 🔄 Starting materialized views refresh...
[2025-10-23 19:00:02] 🔄 Refreshing Daily detection statistics...
[2025-10-23 19:00:02] ✅ Daily detection statistics refreshed successfully
[2025-10-23 19:01:05] 🔄 Refreshing Branch detection statistics...
[2025-10-23 19:01:05] ✅ Branch detection statistics refreshed successfully
[2025-10-23 19:01:15] 🔄 Refreshing Event logs daily statistics...
[2025-10-23 19:01:15] ✅ Event logs daily statistics refreshed successfully
[2025-10-23 19:01:16] 🔄 Refreshing Re-ID masters daily statistics...
[2025-10-23 19:01:16] ✅ Re-ID masters daily statistics refreshed successfully
[2025-10-23 19:01:16] ✅ All materialized views refreshed successfully!
[2025-10-23 19:01:16] ⏱️  Execution time: 74021.22ms
[2025-10-23 19:30:01] 🔄 Starting materialized views refresh...
[2025-10-23 19:30:01] 🔄 Refreshing Daily detection statistics...
[2025-10-23 19:30:01] ✅ Daily detection statistics refreshed successfully
[2025-10-23 19:30:52] 🔄 Refreshing Branch detection statistics...
[2025-10-23 19:30:52] ✅ Branch detection statistics refreshed successfully
[2025-10-23 19:31:02] 🔄 Refreshing Event logs daily statistics...
[2025-10-23 19:31:02] ✅ Event logs daily statistics refreshed successfully
[2025-10-23 19:31:02] 🔄 Refreshing Re-ID masters daily statistics...
[2025-10-23 19:31:02] ✅ Re-ID masters daily statistics refreshed successfully
[2025-10-23 19:31:02] ✅ All materialized views refreshed successfully!
[2025-10-23 19:31:02] ⏱️  Execution time: 60329.3ms
[2025-10-23 20:00:02] 🔄 Starting materialized views refresh...
[2025-10-23 20:00:02] 🔄 Refreshing Daily detection statistics...
[2025-10-23 20:00:02] ✅ Daily detection statistics refreshed successfully
[2025-10-23 20:00:55] 🔄 Refreshing Branch detection statistics...
[2025-10-23 20:00:55] ✅ Branch detection statistics refreshed successfully
[2025-10-23 20:01:05] 🔄 Refreshing Event logs daily statistics...
[2025-10-23 20:01:05] ✅ Event logs daily statistics refreshed successfully
[2025-10-23 20:01:05] 🔄 Refreshing Re-ID masters daily statistics...
[2025-10-23 20:01:05] ✅ Re-ID masters daily statistics refreshed successfully
[2025-10-23 20:01:05] ✅ All materialized views refreshed successfully!
[2025-10-23 20:01:05] ⏱️  Execution time: 63869.97ms
[2025-10-23 20:30:01] 🔄 Starting materialized views refresh...
[2025-10-23 20:30:01] 🔄 Refreshing Daily detection statistics...
[2025-10-23 20:30:01] ✅ Daily detection statistics refreshed successfully
[2025-10-23 20:31:45] 🔄 Refreshing Branch detection statistics...
[2025-10-23 20:31:45] ✅ Branch detection statistics refreshed successfully
[2025-10-23 20:31:55] 🔄 Refreshing Event logs daily statistics...
[2025-10-23 20:31:55] ✅ Event logs daily statistics refreshed successfully
[2025-10-23 20:31:55] 🔄 Refreshing Re-ID masters daily statistics...
[2025-10-23 20:31:55] ✅ Re-ID masters daily statistics refreshed successfully
[2025-10-23 20:31:55] ✅ All materialized views refreshed successfully!
[2025-10-23 20:31:55] ⏱️  Execution time: 113999.91ms
[2025-10-23 21:00:01] 🔄 Starting materialized views refresh...
[2025-10-23 21:00:01] 🔄 Refreshing Daily detection statistics...
[2025-10-23 21:00:01] ✅ Daily detection statistics refreshed successfully
[2025-10-23 21:01:07] 🔄 Refreshing Branch detection statistics...
[2025-10-23 21:01:07] ✅ Branch detection statistics refreshed successfully
[2025-10-23 21:01:17] 🔄 Refreshing Event logs daily statistics...
[2025-10-23 21:01:17] ✅ Event logs daily statistics refreshed successfully
[2025-10-23 21:01:17] 🔄 Refreshing Re-ID masters daily statistics...
[2025-10-23 21:01:17] ✅ Re-ID masters daily statistics refreshed successfully
[2025-10-23 21:01:17] ✅ All materialized views refreshed successfully!
[2025-10-23 21:01:17] ⏱️  Execution time: 75524.02ms
[2025-10-24 12:00:02] 🔄 Starting materialized views refresh...
[2025-10-24 12:00:02] 🔄 Refreshing Daily detection statistics...
[2025-10-24 12:00:02] ✅ Daily detection statistics refreshed successfully
[2025-10-24 12:01:13] 🔄 Refreshing Branch detection statistics...
[2025-10-24 12:01:13] ✅ Branch detection statistics refreshed successfully
[2025-10-24 12:01:22] 🔄 Refreshing Event logs daily statistics...
[2025-10-24 12:01:22] ✅ Event logs daily statistics refreshed successfully
[2025-10-24 12:01:22] 🔄 Refreshing Re-ID masters daily statistics...
[2025-10-24 12:01:22] ✅ Re-ID masters daily statistics refreshed successfully
[2025-10-24 12:01:22] ✅ All materialized views refreshed successfully!
[2025-10-24 12:01:22] ⏱️  Execution time: 80312.26ms
[2025-10-24 12:30:02] 🔄 Starting materialized views refresh...
[2025-10-24 12:30:02] 🔄 Refreshing Daily detection statistics...
[2025-10-24 12:30:02] ✅ Daily detection statistics refreshed successfully
[2025-10-24 12:30:49] 🔄 Refreshing Branch detection statistics...
[2025-10-24 12:30:49] ✅ Branch detection statistics refreshed successfully
[2025-10-24 12:30:58] 🔄 Refreshing Event logs daily statistics...
[2025-10-24 12:30:58] ✅ Event logs daily statistics refreshed successfully
[2025-10-24 12:30:58] 🔄 Refreshing Re-ID masters daily statistics...
[2025-10-24 12:30:58] ✅ Re-ID masters daily statistics refreshed successfully
[2025-10-24 12:30:58] ✅ All materialized views refreshed successfully!
[2025-10-24 12:30:58] ⏱️  Execution time: 56483.45ms
[2025-10-24 13:00:02] 🔄 Starting materialized views refresh...
[2025-10-24 13:00:02] 🔄 Refreshing Daily detection statistics...
[2025-10-24 13:00:02] ✅ Daily detection statistics refreshed successfully
[2025-10-24 13:00:53] 🔄 Refreshing Branch detection statistics...
[2025-10-24 13:00:53] ✅ Branch detection statistics refreshed successfully
[2025-10-24 13:01:00] 🔄 Refreshing Event logs daily statistics...
[2025-10-24 13:01:00] ✅ Event logs daily statistics refreshed successfully
[2025-10-24 13:01:00] 🔄 Refreshing Re-ID masters daily statistics...
[2025-10-24 13:01:00] ✅ Re-ID masters daily statistics refreshed successfully
[2025-10-24 13:01:00] ✅ All materialized views refreshed successfully!
[2025-10-24 13:01:00] ⏱️  Execution time: 58457.61ms
[2025-10-24 13:30:01] 🔄 Starting materialized views refresh...
[2025-10-24 13:30:01] 🔄 Refreshing Daily detection statistics...
[2025-10-24 13:30:01] ✅ Daily detection statistics refreshed successfully
[2025-10-24 13:31:03] 🔄 Refreshing Branch detection statistics...
[2025-10-24 13:31:03] ✅ Branch detection statistics refreshed successfully
[2025-10-24 13:31:13] 🔄 Refreshing Event logs daily statistics...
[2025-10-24 13:31:13] ✅ Event logs daily statistics refreshed successfully
[2025-10-24 13:31:13] 🔄 Refreshing Re-ID masters daily statistics...
[2025-10-24 13:31:13] ✅ Re-ID masters daily statistics refreshed successfully
[2025-10-24 13:31:13] ✅ All materialized views refreshed successfully!
[2025-10-24 13:31:13] ⏱️  Execution time: 71477.87ms
[2025-10-24 14:00:02] 🔄 Starting materialized views refresh...
[2025-10-24 14:00:02] 🔄 Refreshing Daily detection statistics...
[2025-10-24 14:00:02] ✅ Daily detection statistics refreshed successfully
[2025-10-24 14:00:51] 🔄 Refreshing Branch detection statistics...
[2025-10-24 14:00:51] ✅ Branch detection statistics refreshed successfully
[2025-10-24 14:01:01] 🔄 Refreshing Event logs daily statistics...
[2025-10-24 14:01:01] ✅ Event logs daily statistics refreshed successfully
[2025-10-24 14:01:01] 🔄 Refreshing Re-ID masters daily statistics...
[2025-10-24 14:01:01] ✅ Re-ID masters daily statistics refreshed successfully
[2025-10-24 14:01:01] ✅ All materialized views refreshed successfully!
[2025-10-24 14:01:01] ⏱️  Execution time: 59641.4ms
[2025-10-24 14:30:01] 🔄 Starting materialized views refresh...
[2025-10-24 14:30:01] 🔄 Refreshing Daily detection statistics...
[2025-10-24 14:30:01] ✅ Daily detection statistics refreshed successfully
[2025-10-24 14:30:50] 🔄 Refreshing Branch detection statistics...
[2025-10-24 14:30:50] ✅ Branch detection statistics refreshed successfully
[2025-10-24 14:30:59] 🔄 Refreshing Event logs daily statistics...
[2025-10-24 14:30:59] ✅ Event logs daily statistics refreshed successfully
[2025-10-24 14:30:59] 🔄 Refreshing Re-ID masters daily statistics...
[2025-10-24 14:30:59] ✅ Re-ID masters daily statistics refreshed successfully
[2025-10-24 14:30:59] ✅ All materialized views refreshed successfully!
[2025-10-24 14:30:59] ⏱️  Execution time: 57675.34ms
[2025-10-24 15:00:02] 🔄 Starting materialized views refresh...
[2025-10-24 15:00:02] 🔄 Refreshing Daily detection statistics...
[2025-10-24 15:00:02] ✅ Daily detection statistics refreshed successfully
[2025-10-24 15:00:54] 🔄 Refreshing Branch detection statistics...
[2025-10-24 15:00:54] ✅ Branch detection statistics refreshed successfully
[2025-10-24 15:01:04] 🔄 Refreshing Event logs daily statistics...
[2025-10-24 15:01:04] ✅ Event logs daily statistics refreshed successfully
[2025-10-24 15:01:04] 🔄 Refreshing Re-ID masters daily statistics...
[2025-10-24 15:01:04] ✅ Re-ID masters daily statistics refreshed successfully
[2025-10-24 15:01:04] ✅ All materialized views refreshed successfully!
[2025-10-24 15:01:04] ⏱️  Execution time: 62689.98ms
[2025-10-24 15:30:01] 🔄 Starting materialized views refresh...
[2025-10-24 15:30:01] 🔄 Refreshing Daily detection statistics...
[2025-10-24 15:30:01] ✅ Daily detection statistics refreshed successfully
[2025-10-24 15:30:50] 🔄 Refreshing Branch detection statistics...
[2025-10-24 15:30:50] ✅ Branch detection statistics refreshed successfully
[2025-10-24 15:30:59] 🔄 Refreshing Event logs daily statistics...
[2025-10-24 15:30:59] ✅ Event logs daily statistics refreshed successfully
[2025-10-24 15:30:59] 🔄 Refreshing Re-ID masters daily statistics...
[2025-10-24 15:30:59] ✅ Re-ID masters daily statistics refreshed successfully
[2025-10-24 15:30:59] ✅ All materialized views refreshed successfully!
[2025-10-24 15:30:59] ⏱️  Execution time: 58050.89ms
[2025-10-24 16:00:01] 🔄 Starting materialized views refresh...
[2025-10-24 16:00:01] 🔄 Refreshing Daily detection statistics...
[2025-10-24 16:00:01] ✅ Daily detection statistics refreshed successfully
[2025-10-24 16:00:49] 🔄 Refreshing Branch detection statistics...
[2025-10-24 16:00:49] ✅ Branch detection statistics refreshed successfully
[2025-10-24 16:00:59] 🔄 Refreshing Event logs daily statistics...
[2025-10-24 16:00:59] ✅ Event logs daily statistics refreshed successfully
[2025-10-24 16:00:59] 🔄 Refreshing Re-ID masters daily statistics...
[2025-10-24 16:00:59] ✅ Re-ID masters daily statistics refreshed successfully
[2025-10-24 16:00:59] ✅ All materialized views refreshed successfully!
[2025-10-24 16:00:59] ⏱️  Execution time: 58142.98ms
[2025-10-24 16:30:02] 🔄 Starting materialized views refresh...
[2025-10-24 16:30:02] 🔄 Refreshing Daily detection statistics...
[2025-10-24 16:30:02] ✅ Daily detection statistics refreshed successfully
[2025-10-24 16:30:53] 🔄 Refreshing Branch detection statistics...
[2025-10-24 16:30:53] ✅ Branch detection statistics refreshed successfully
[2025-10-24 16:31:02] 🔄 Refreshing Event logs daily statistics...
[2025-10-24 16:31:02] ✅ Event logs daily statistics refreshed successfully
[2025-10-24 16:31:02] 🔄 Refreshing Re-ID masters daily statistics...
[2025-10-24 16:31:02] ✅ Re-ID masters daily statistics refreshed successfully
[2025-10-24 16:31:02] ✅ All materialized views refreshed successfully!
[2025-10-24 16:31:02] ⏱️  Execution time: 60200.04ms
[2025-10-24 17:00:02] 🔄 Starting materialized views refresh...
[2025-10-24 17:00:02] 🔄 Refreshing Daily detection statistics...
[2025-10-24 17:00:02] ✅ Daily detection statistics refreshed successfully
[2025-10-24 17:00:57] 🔄 Refreshing Branch detection statistics...
[2025-10-24 17:00:57] ✅ Branch detection statistics refreshed successfully
[2025-10-24 17:01:08] 🔄 Refreshing Event logs daily statistics...
[2025-10-24 17:01:08] ✅ Event logs daily statistics refreshed successfully
[2025-10-24 17:01:08] 🔄 Refreshing Re-ID masters daily statistics...
[2025-10-24 17:01:08] ✅ Re-ID masters daily statistics refreshed successfully
[2025-10-24 17:01:08] ✅ All materialized views refreshed successfully!
[2025-10-24 17:01:08] ⏱️  Execution time: 66093.75ms
[2025-10-24 17:30:01] 🔄 Starting materialized views refresh...
[2025-10-24 17:30:01] 🔄 Refreshing Daily detection statistics...
[2025-10-24 17:30:01] ✅ Daily detection statistics refreshed successfully
[2025-10-24 17:31:17] 🔄 Refreshing Branch detection statistics...
[2025-10-24 17:31:17] ✅ Branch detection statistics refreshed successfully
[2025-10-24 17:31:28] 🔄 Refreshing Event logs daily statistics...
[2025-10-24 17:31:28] ✅ Event logs daily statistics refreshed successfully
[2025-10-24 17:31:28] 🔄 Refreshing Re-ID masters daily statistics...
[2025-10-24 17:31:28] ✅ Re-ID masters daily statistics refreshed successfully
[2025-10-24 17:31:28] ✅ All materialized views refreshed successfully!
[2025-10-24 17:31:28] ⏱️  Execution time: 86800.48ms
[2025-10-24 18:00:02] 🔄 Starting materialized views refresh...
[2025-10-24 18:00:02] 🔄 Refreshing Daily detection statistics...
[2025-10-24 18:00:02] ✅ Daily detection statistics refreshed successfully
[2025-10-24 18:00:58] 🔄 Refreshing Branch detection statistics...
[2025-10-24 18:00:58] ✅ Branch detection statistics refreshed successfully
[2025-10-24 18:01:10] 🔄 Refreshing Event logs daily statistics...
[2025-10-24 18:01:10] ✅ Event logs daily statistics refreshed successfully
[2025-10-24 18:01:11] 🔄 Refreshing Re-ID masters daily statistics...
[2025-10-24 18:01:11] ✅ Re-ID masters daily statistics refreshed successfully
[2025-10-24 18:01:11] ✅ All materialized views refreshed successfully!
[2025-10-24 18:01:11] ⏱️  Execution time: 68399.97ms
[2025-10-24 18:30:02] 🔄 Starting materialized views refresh...
[2025-10-24 18:30:02] 🔄 Refreshing Daily detection statistics...
[2025-10-24 18:30:02] ✅ Daily detection statistics refreshed successfully
[2025-10-24 18:31:03] 🔄 Refreshing Branch detection statistics...
[2025-10-24 18:31:03] ✅ Branch detection statistics refreshed successfully
[2025-10-24 18:31:14] 🔄 Refreshing Event logs daily statistics...
[2025-10-24 18:31:14] ✅ Event logs daily statistics refreshed successfully
[2025-10-24 18:31:14] 🔄 Refreshing Re-ID masters daily statistics...
[2025-10-24 18:31:14] ✅ Re-ID masters daily statistics refreshed successfully
[2025-10-24 18:31:14] ✅ All materialized views refreshed successfully!
[2025-10-24 18:31:14] ⏱️  Execution time: 71963.43ms
[2025-10-24 19:00:02] 🔄 Starting materialized views refresh...
[2025-10-24 19:00:02] 🔄 Refreshing Daily detection statistics...
[2025-10-24 19:00:02] ✅ Daily detection statistics refreshed successfully
[2025-10-24 19:01:00] 🔄 Refreshing Branch detection statistics...
[2025-10-24 19:01:00] ✅ Branch detection statistics refreshed successfully
[2025-10-24 19:01:08] 🔄 Refreshing Event logs daily statistics...
[2025-10-24 19:01:08] ✅ Event logs daily statistics refreshed successfully
[2025-10-24 19:01:08] 🔄 Refreshing Re-ID masters daily statistics...
[2025-10-24 19:01:08] ✅ Re-ID masters daily statistics refreshed successfully
[2025-10-24 19:01:08] ✅ All materialized views refreshed successfully!
[2025-10-24 19:01:08] ⏱️  Execution time: 66461.44ms
[2025-10-24 19:30:01] 🔄 Starting materialized views refresh...
[2025-10-24 19:30:01] 🔄 Refreshing Daily detection statistics...
[2025-10-24 19:30:01] ✅ Daily detection statistics refreshed successfully
[2025-10-24 19:30:52] 🔄 Refreshing Branch detection statistics...
[2025-10-24 19:30:52] ✅ Branch detection statistics refreshed successfully
[2025-10-24 19:31:00] 🔄 Refreshing Event logs daily statistics...
[2025-10-24 19:31:00] ✅ Event logs daily statistics refreshed successfully
[2025-10-24 19:31:00] 🔄 Refreshing Re-ID masters daily statistics...
[2025-10-24 19:31:00] ✅ Re-ID masters daily statistics refreshed successfully
[2025-10-24 19:31:00] ✅ All materialized views refreshed successfully!
[2025-10-24 19:31:00] ⏱️  Execution time: 59002.32ms
[2025-10-24 20:00:02] 🔄 Starting materialized views refresh...
[2025-10-24 20:00:02] 🔄 Refreshing Daily detection statistics...
[2025-10-24 20:00:02] ✅ Daily detection statistics refreshed successfully
[2025-10-24 20:01:00] 🔄 Refreshing Branch detection statistics...
[2025-10-24 20:01:00] ✅ Branch detection statistics refreshed successfully
[2025-10-24 20:01:10] 🔄 Refreshing Event logs daily statistics...
[2025-10-24 20:01:10] ✅ Event logs daily statistics refreshed successfully
[2025-10-24 20:01:10] 🔄 Refreshing Re-ID masters daily statistics...
[2025-10-24 20:01:10] ✅ Re-ID masters daily statistics refreshed successfully
[2025-10-24 20:01:10] ✅ All materialized views refreshed successfully!
[2025-10-24 20:01:10] ⏱️  Execution time: 68277.05ms
[2025-10-27 10:00:02] 🔄 Starting materialized views refresh...
[2025-10-27 10:00:02] 🔄 Refreshing Daily detection statistics...
[2025-10-27 10:00:02] ✅ Daily detection statistics refreshed successfully
[2025-10-27 10:01:19] 🔄 Refreshing Branch detection statistics...
[2025-10-27 10:01:19] ✅ Branch detection statistics refreshed successfully
[2025-10-27 10:01:38] 🔄 Refreshing Event logs daily statistics...
[2025-10-27 10:01:38] ✅ Event logs daily statistics refreshed successfully
[2025-10-27 10:01:38] 🔄 Refreshing Re-ID masters daily statistics...
[2025-10-27 10:01:38] ✅ Re-ID masters daily statistics refreshed successfully
[2025-10-27 10:01:38] ✅ All materialized views refreshed successfully!
[2025-10-27 10:01:38] ⏱️  Execution time: 96158.56ms
[2025-10-27 10:30:02] 🔄 Starting materialized views refresh...
[2025-10-27 10:30:02] 🔄 Refreshing Daily detection statistics...
[2025-10-27 10:30:02] ✅ Daily detection statistics refreshed successfully
[2025-10-27 10:30:57] 🔄 Refreshing Branch detection statistics...
[2025-10-27 10:30:57] ✅ Branch detection statistics refreshed successfully
[2025-10-27 10:31:10] 🔄 Refreshing Event logs daily statistics...
[2025-10-27 10:31:10] ✅ Event logs daily statistics refreshed successfully
[2025-10-27 10:31:10] 🔄 Refreshing Re-ID masters daily statistics...
[2025-10-27 10:31:10] ✅ Re-ID masters daily statistics refreshed successfully
[2025-10-27 10:31:11] ✅ All materialized views refreshed successfully!
[2025-10-27 10:31:11] ⏱️  Execution time: 68326.62ms
[2025-10-27 11:00:02] 🔄 Starting materialized views refresh...
[2025-10-27 11:00:02] 🔄 Refreshing Daily detection statistics...
[2025-10-27 11:00:02] ✅ Daily detection statistics refreshed successfully
[2025-10-27 11:00:53] 🔄 Refreshing Branch detection statistics...
[2025-10-27 11:00:53] ✅ Branch detection statistics refreshed successfully
[2025-10-27 11:01:03] 🔄 Refreshing Event logs daily statistics...
[2025-10-27 11:01:03] ✅ Event logs daily statistics refreshed successfully
[2025-10-27 11:01:03] 🔄 Refreshing Re-ID masters daily statistics...
[2025-10-27 11:01:03] ✅ Re-ID masters daily statistics refreshed successfully
[2025-10-27 11:01:03] ✅ All materialized views refreshed successfully!
[2025-10-27 11:01:03] ⏱️  Execution time: 61646.5ms
[2025-10-27 11:30:02] 🔄 Starting materialized views refresh...
[2025-10-27 11:30:02] 🔄 Refreshing Daily detection statistics...
[2025-10-27 11:30:02] ✅ Daily detection statistics refreshed successfully
[2025-10-27 11:30:53] 🔄 Refreshing Branch detection statistics...
[2025-10-27 11:30:53] ✅ Branch detection statistics refreshed successfully
[2025-10-27 11:31:04] 🔄 Refreshing Event logs daily statistics...
[2025-10-27 11:31:04] ✅ Event logs daily statistics refreshed successfully
[2025-10-27 11:31:04] 🔄 Refreshing Re-ID masters daily statistics...
[2025-10-27 11:31:04] ✅ Re-ID masters daily statistics refreshed successfully
[2025-10-27 11:31:04] ✅ All materialized views refreshed successfully!
[2025-10-27 11:31:04] ⏱️  Execution time: 61972.68ms
[2025-10-27 12:00:01] 🔄 Starting materialized views refresh...
[2025-10-27 12:00:01] 🔄 Refreshing Daily detection statistics...
[2025-10-27 12:00:01] ✅ Daily detection statistics refreshed successfully
[2025-10-27 12:01:05] 🔄 Refreshing Branch detection statistics...
[2025-10-27 12:01:05] ✅ Branch detection statistics refreshed successfully
[2025-10-27 12:01:13] 🔄 Refreshing Event logs daily statistics...
[2025-10-27 12:01:13] ✅ Event logs daily statistics refreshed successfully
[2025-10-27 12:01:13] 🔄 Refreshing Re-ID masters daily statistics...
[2025-10-27 12:01:13] ✅ Re-ID masters daily statistics refreshed successfully
[2025-10-27 12:01:13] ✅ All materialized views refreshed successfully!
[2025-10-27 12:01:13] ⏱️  Execution time: 71937.97ms
[2025-10-27 12:30:02] 🔄 Starting materialized views refresh...
[2025-10-27 12:30:02] 🔄 Refreshing Daily detection statistics...
[2025-10-27 12:30:02] ✅ Daily detection statistics refreshed successfully
[2025-10-27 12:31:00] 🔄 Refreshing Branch detection statistics...
[2025-10-27 12:31:00] ✅ Branch detection statistics refreshed successfully
[2025-10-27 12:31:09] 🔄 Refreshing Event logs daily statistics...
[2025-10-27 12:31:09] ✅ Event logs daily statistics refreshed successfully
[2025-10-27 12:31:09] 🔄 Refreshing Re-ID masters daily statistics...
[2025-10-27 12:31:09] ✅ Re-ID masters daily statistics refreshed successfully
[2025-10-27 12:31:09] ✅ All materialized views refreshed successfully!
[2025-10-27 12:31:09] ⏱️  Execution time: 67102.43ms
[2025-10-27 13:00:02] 🔄 Starting materialized views refresh...
[2025-10-27 13:00:02] 🔄 Refreshing Daily detection statistics...
[2025-10-27 13:00:02] ✅ Daily detection statistics refreshed successfully
[2025-10-27 13:00:47] 🔄 Refreshing Branch detection statistics...
[2025-10-27 13:00:47] ✅ Branch detection statistics refreshed successfully
[2025-10-27 13:01:02] 🔄 Refreshing Event logs daily statistics...
[2025-10-27 13:01:02] ✅ Event logs daily statistics refreshed successfully
[2025-10-27 13:01:02] 🔄 Refreshing Re-ID masters daily statistics...
[2025-10-27 13:01:02] ✅ Re-ID masters daily statistics refreshed successfully
[2025-10-27 13:01:02] ✅ All materialized views refreshed successfully!
[2025-10-27 13:01:02] ⏱️  Execution time: 60154.63ms
[2025-10-27 13:01:00] 🔄 Starting materialized views refresh...
[2025-10-27 13:01:00] 🔄 Refreshing Daily detection statistics...
[2025-10-27 13:01:00] ✅ Daily detection statistics refreshed successfully
[2025-10-27 13:01:31] 🔄 Refreshing Branch detection statistics...
[2025-10-27 13:01:31] ✅ Branch detection statistics refreshed successfully
[2025-10-27 13:01:47] 🔄 Refreshing Event logs daily statistics...
[2025-10-27 13:01:47] ✅ Event logs daily statistics refreshed successfully
[2025-10-27 13:01:47] 🔄 Refreshing Re-ID masters daily statistics...
[2025-10-27 13:01:47] ✅ Re-ID masters daily statistics refreshed successfully
[2025-10-27 13:01:48] ✅ All materialized views refreshed successfully!
[2025-10-27 13:01:48] ⏱️  Execution time: 47250.03ms
[2025-10-27 13:30:01] 🔄 Starting materialized views refresh...
[2025-10-27 13:30:01] 🔄 Refreshing Daily detection statistics...
[2025-10-27 13:30:01] ✅ Daily detection statistics refreshed successfully
[2025-10-27 13:30:52] 🔄 Refreshing Branch detection statistics...
[2025-10-27 13:30:52] ✅ Branch detection statistics refreshed successfully
[2025-10-27 13:31:02] 🔄 Refreshing Event logs daily statistics...
[2025-10-27 13:31:02] ✅ Event logs daily statistics refreshed successfully
[2025-10-27 13:31:02] 🔄 Refreshing Re-ID masters daily statistics...
[2025-10-27 13:31:02] ✅ Re-ID masters daily statistics refreshed successfully
[2025-10-27 13:31:02] ✅ All materialized views refreshed successfully!
[2025-10-27 13:31:02] ⏱️  Execution time: 60162.88ms
[2025-10-27 14:00:02] 🔄 Starting materialized views refresh...
[2025-10-27 14:00:02] 🔄 Refreshing Daily detection statistics...
[2025-10-27 14:00:02] ✅ Daily detection statistics refreshed successfully
[2025-10-27 14:00:51] 🔄 Refreshing Branch detection statistics...
[2025-10-27 14:00:51] ✅ Branch detection statistics refreshed successfully
[2025-10-27 14:01:01] 🔄 Refreshing Event logs daily statistics...
[2025-10-27 14:01:01] ✅ Event logs daily statistics refreshed successfully
[2025-10-27 14:01:01] 🔄 Refreshing Re-ID masters daily statistics...
[2025-10-27 14:01:01] ✅ Re-ID masters daily statistics refreshed successfully
[2025-10-27 14:01:01] ✅ All materialized views refreshed successfully!
[2025-10-27 14:01:01] ⏱️  Execution time: 59570.15ms
[2025-10-27 14:30:02] 🔄 Starting materialized views refresh...
[2025-10-27 14:30:02] 🔄 Refreshing Daily detection statistics...
[2025-10-27 14:30:02] ✅ Daily detection statistics refreshed successfully
[2025-10-27 14:30:52] 🔄 Refreshing Branch detection statistics...
[2025-10-27 14:30:52] ✅ Branch detection statistics refreshed successfully
[2025-10-27 14:30:58] 🔄 Refreshing Event logs daily statistics...
[2025-10-27 14:30:58] ✅ Event logs daily statistics refreshed successfully
[2025-10-27 14:30:58] 🔄 Refreshing Re-ID masters daily statistics...
[2025-10-27 14:30:58] ✅ Re-ID masters daily statistics refreshed successfully
[2025-10-27 14:30:58] ✅ All materialized views refreshed successfully!
[2025-10-27 14:30:58] ⏱️  Execution time: 56894.15ms
[2025-10-27 15:00:03] 🔄 Starting materialized views refresh...
[2025-10-27 15:00:03] 🔄 Refreshing Daily detection statistics...
[2025-10-27 15:00:03] ✅ Daily detection statistics refreshed successfully
[2025-10-27 15:01:01] 🔄 Refreshing Branch detection statistics...
[2025-10-27 15:01:01] ✅ Branch detection statistics refreshed successfully
[2025-10-27 15:01:10] 🔄 Refreshing Event logs daily statistics...
[2025-10-27 15:01:10] ✅ Event logs daily statistics refreshed successfully
[2025-10-27 15:01:10] 🔄 Refreshing Re-ID masters daily statistics...
[2025-10-27 15:01:10] ✅ Re-ID masters daily statistics refreshed successfully
[2025-10-27 15:01:10] ✅ All materialized views refreshed successfully!
[2025-10-27 15:01:10] ⏱️  Execution time: 67653.96ms
[2025-10-28 11:00:04] 🔄 Starting materialized views refresh...
[2025-10-28 11:00:04] 🔄 Refreshing Daily detection statistics...
[2025-10-28 11:00:04] ✅ Daily detection statistics refreshed successfully
[2025-10-28 11:01:12] 🔄 Refreshing Branch detection statistics...
[2025-10-28 11:01:12] ✅ Branch detection statistics refreshed successfully
[2025-10-28 11:01:21] 🔄 Refreshing Event logs daily statistics...
[2025-10-28 11:01:21] ✅ Event logs daily statistics refreshed successfully
[2025-10-28 11:01:21] 🔄 Refreshing Re-ID masters daily statistics...
[2025-10-28 11:01:21] ✅ Re-ID masters daily statistics refreshed successfully
[2025-10-28 11:01:22] ✅ All materialized views refreshed successfully!
[2025-10-28 11:01:22] ⏱️  Execution time: 77742.03ms
[2025-10-28 11:30:03] 🔄 Starting materialized views refresh...
[2025-10-28 11:30:03] 🔄 Refreshing Daily detection statistics...
[2025-10-28 11:30:03] ✅ Daily detection statistics refreshed successfully
[2025-10-28 11:30:57] 🔄 Refreshing Branch detection statistics...
[2025-10-28 11:30:57] ✅ Branch detection statistics refreshed successfully
[2025-10-28 11:31:07] 🔄 Refreshing Event logs daily statistics...
[2025-10-28 11:31:07] ✅ Event logs daily statistics refreshed successfully
[2025-10-28 11:31:07] 🔄 Refreshing Re-ID masters daily statistics...
[2025-10-28 11:31:07] ✅ Re-ID masters daily statistics refreshed successfully
[2025-10-28 11:31:07] ✅ All materialized views refreshed successfully!
[2025-10-28 11:31:07] ⏱️  Execution time: 63353.2ms
[2025-10-28 12:00:04] 🔄 Starting materialized views refresh...
[2025-10-28 12:00:04] 🔄 Refreshing Daily detection statistics...
[2025-10-28 12:00:04] ✅ Daily detection statistics refreshed successfully
[2025-10-28 12:00:55] 🔄 Refreshing Branch detection statistics...
[2025-10-28 12:00:55] ✅ Branch detection statistics refreshed successfully
[2025-10-28 12:01:04] 🔄 Refreshing Event logs daily statistics...
[2025-10-28 12:01:04] ✅ Event logs daily statistics refreshed successfully
[2025-10-28 12:01:04] 🔄 Refreshing Re-ID masters daily statistics...
[2025-10-28 12:01:04] ✅ Re-ID masters daily statistics refreshed successfully
[2025-10-28 12:01:04] ✅ All materialized views refreshed successfully!
[2025-10-28 12:01:04] ⏱️  Execution time: 59803.7ms
[2025-10-28 12:30:04] 🔄 Starting materialized views refresh...
[2025-10-28 12:30:04] 🔄 Refreshing Daily detection statistics...
[2025-10-28 12:30:04] ✅ Daily detection statistics refreshed successfully
[2025-10-28 12:30:56] 🔄 Refreshing Branch detection statistics...
[2025-10-28 12:30:56] ✅ Branch detection statistics refreshed successfully
[2025-10-28 12:31:07] 🔄 Refreshing Event logs daily statistics...
[2025-10-28 12:31:07] ✅ Event logs daily statistics refreshed successfully
[2025-10-28 12:31:07] 🔄 Refreshing Re-ID masters daily statistics...
[2025-10-28 12:31:07] ✅ Re-ID masters daily statistics refreshed successfully
[2025-10-28 12:31:07] ✅ All materialized views refreshed successfully!
[2025-10-28 12:31:07] ⏱️  Execution time: 63128.72ms
[2025-10-28 13:00:03] 🔄 Starting materialized views refresh...
[2025-10-28 13:00:03] 🔄 Refreshing Daily detection statistics...
[2025-10-28 13:00:03] ✅ Daily detection statistics refreshed successfully
[2025-10-28 13:00:53] 🔄 Refreshing Branch detection statistics...
[2025-10-28 13:00:53] ✅ Branch detection statistics refreshed successfully
[2025-10-28 13:01:03] 🔄 Refreshing Event logs daily statistics...
[2025-10-28 13:01:03] ✅ Event logs daily statistics refreshed successfully
[2025-10-28 13:01:03] 🔄 Refreshing Re-ID masters daily statistics...
[2025-10-28 13:01:03] ✅ Re-ID masters daily statistics refreshed successfully
[2025-10-28 13:01:03] ✅ All materialized views refreshed successfully!
[2025-10-28 13:01:03] ⏱️  Execution time: 59204.62ms
[2025-10-28 13:30:04] 🔄 Starting materialized views refresh...
[2025-10-28 13:30:04] 🔄 Refreshing Daily detection statistics...
[2025-10-28 13:30:04] ✅ Daily detection statistics refreshed successfully
[2025-10-28 13:31:04] 🔄 Refreshing Branch detection statistics...
[2025-10-28 13:31:04] ✅ Branch detection statistics refreshed successfully
[2025-10-28 13:31:29] 🔄 Refreshing Event logs daily statistics...
[2025-10-28 13:31:29] ✅ Event logs daily statistics refreshed successfully
[2025-10-28 13:31:29] 🔄 Refreshing Re-ID masters daily statistics...
[2025-10-28 13:31:29] ✅ Re-ID masters daily statistics refreshed successfully
[2025-10-28 13:31:29] ✅ All materialized views refreshed successfully!
[2025-10-28 13:31:29] ⏱️  Execution time: 85576.78ms
[2025-10-28 14:00:04] 🔄 Starting materialized views refresh...
[2025-10-28 14:00:04] 🔄 Refreshing Daily detection statistics...
[2025-10-28 14:00:04] ✅ Daily detection statistics refreshed successfully
[2025-10-28 14:01:13] 🔄 Refreshing Branch detection statistics...
[2025-10-28 14:01:13] ✅ Branch detection statistics refreshed successfully
[2025-10-28 14:01:28] 🔄 Refreshing Event logs daily statistics...
[2025-10-28 14:01:28] ✅ Event logs daily statistics refreshed successfully
[2025-10-28 14:01:28] 🔄 Refreshing Re-ID masters daily statistics...
[2025-10-28 14:01:28] ✅ Re-ID masters daily statistics refreshed successfully
[2025-10-28 14:01:28] ✅ All materialized views refreshed successfully!
[2025-10-28 14:01:28] ⏱️  Execution time: 84765.15ms
[2025-10-28 14:30:04] 🔄 Starting materialized views refresh...
[2025-10-28 14:30:04] 🔄 Refreshing Daily detection statistics...
[2025-10-28 14:30:04] ✅ Daily detection statistics refreshed successfully
[2025-10-28 14:31:19] 🔄 Refreshing Branch detection statistics...
[2025-10-28 14:31:19] ✅ Branch detection statistics refreshed successfully
[2025-10-28 14:31:46] 🔄 Refreshing Event logs daily statistics...
[2025-10-28 14:31:46] ✅ Event logs daily statistics refreshed successfully
[2025-10-28 14:31:46] 🔄 Refreshing Re-ID masters daily statistics...
[2025-10-28 14:31:46] ✅ Re-ID masters daily statistics refreshed successfully
[2025-10-28 14:31:46] ✅ All materialized views refreshed successfully!
[2025-10-28 14:31:46] ⏱️  Execution time: 102690.31ms
[2025-10-28 15:00:03] 🔄 Starting materialized views refresh...
[2025-10-28 15:00:03] 🔄 Refreshing Daily detection statistics...
[2025-10-28 15:00:03] ✅ Daily detection statistics refreshed successfully
[2025-10-28 15:01:00] 🔄 Refreshing Branch detection statistics...
[2025-10-28 15:01:00] ✅ Branch detection statistics refreshed successfully
[2025-10-28 15:01:21] 🔄 Refreshing Event logs daily statistics...
[2025-10-28 15:01:21] ✅ Event logs daily statistics refreshed successfully
[2025-10-28 15:01:21] 🔄 Refreshing Re-ID masters daily statistics...
[2025-10-28 15:01:21] ✅ Re-ID masters daily statistics refreshed successfully
[2025-10-28 15:01:21] ✅ All materialized views refreshed successfully!
[2025-10-28 15:01:21] ⏱️  Execution time: 77964.35ms
[2025-10-28 15:30:03] 🔄 Starting materialized views refresh...
[2025-10-28 15:30:03] 🔄 Refreshing Daily detection statistics...
[2025-10-28 15:30:03] ✅ Daily detection statistics refreshed successfully
[2025-10-28 15:31:19] 🔄 Refreshing Branch detection statistics...
[2025-10-28 15:31:19] ✅ Branch detection statistics refreshed successfully
[2025-10-28 15:31:30] 🔄 Refreshing Event logs daily statistics...
[2025-10-28 15:31:30] ✅ Event logs daily statistics refreshed successfully
[2025-10-28 15:31:30] 🔄 Refreshing Re-ID masters daily statistics...
[2025-10-28 15:31:30] ✅ Re-ID masters daily statistics refreshed successfully
[2025-10-28 15:31:30] ✅ All materialized views refreshed successfully!
[2025-10-28 15:31:30] ⏱️  Execution time: 87260.16ms
[2025-10-28 16:00:03] 🔄 Starting materialized views refresh...
[2025-10-28 16:00:03] 🔄 Refreshing Daily detection statistics...
[2025-10-28 16:00:03] ✅ Daily detection statistics refreshed successfully
[2025-10-28 16:00:54] 🔄 Refreshing Branch detection statistics...
[2025-10-28 16:00:54] ✅ Branch detection statistics refreshed successfully
[2025-10-28 16:01:10] 🔄 Refreshing Event logs daily statistics...
[2025-10-28 16:01:10] ✅ Event logs daily statistics refreshed successfully
[2025-10-28 16:01:10] 🔄 Refreshing Re-ID masters daily statistics...
[2025-10-28 16:01:10] ✅ Re-ID masters daily statistics refreshed successfully
[2025-10-28 16:01:10] ✅ All materialized views refreshed successfully!
[2025-10-28 16:01:10] ⏱️  Execution time: 66373.02ms
[2025-10-28 16:30:03] 🔄 Starting materialized views refresh...
[2025-10-28 16:30:03] 🔄 Refreshing Daily detection statistics...
[2025-10-28 16:30:03] ✅ Daily detection statistics refreshed successfully
[2025-10-28 16:31:01] 🔄 Refreshing Branch detection statistics...
[2025-10-28 16:31:01] ✅ Branch detection statistics refreshed successfully
[2025-10-28 16:31:16] 🔄 Refreshing Event logs daily statistics...
[2025-10-28 16:31:16] ✅ Event logs daily statistics refreshed successfully
[2025-10-28 16:31:16] 🔄 Refreshing Re-ID masters daily statistics...
[2025-10-28 16:31:16] ✅ Re-ID masters daily statistics refreshed successfully
[2025-10-28 16:31:16] ✅ All materialized views refreshed successfully!
[2025-10-28 16:31:16] ⏱️  Execution time: 72993.58ms
[2025-10-28 17:00:03] 🔄 Starting materialized views refresh...
[2025-10-28 17:00:03] 🔄 Refreshing Daily detection statistics...
[2025-10-28 17:00:03] ✅ Daily detection statistics refreshed successfully
[2025-10-28 17:01:03] 🔄 Refreshing Branch detection statistics...
[2025-10-28 17:01:03] ✅ Branch detection statistics refreshed successfully
[2025-10-28 17:01:22] 🔄 Refreshing Event logs daily statistics...
[2025-10-28 17:01:22] ✅ Event logs daily statistics refreshed successfully
[2025-10-28 17:01:22] 🔄 Refreshing Re-ID masters daily statistics...
[2025-10-28 17:01:22] ✅ Re-ID masters daily statistics refreshed successfully
[2025-10-28 17:01:22] ✅ All materialized views refreshed successfully!
[2025-10-28 17:01:22] ⏱️  Execution time: 79168.09ms
[2025-10-28 17:30:02] 🔄 Starting materialized views refresh...
[2025-10-28 17:30:02] 🔄 Refreshing Daily detection statistics...
[2025-10-28 17:30:02] ✅ Daily detection statistics refreshed successfully
[2025-10-28 17:30:54] 🔄 Refreshing Branch detection statistics...
[2025-10-28 17:30:54] ✅ Branch detection statistics refreshed successfully
[2025-10-28 17:31:03] 🔄 Refreshing Event logs daily statistics...
[2025-10-28 17:31:03] ✅ Event logs daily statistics refreshed successfully
[2025-10-28 17:31:03] 🔄 Refreshing Re-ID masters daily statistics...
[2025-10-28 17:31:03] ✅ Re-ID masters daily statistics refreshed successfully
[2025-10-28 17:31:03] ✅ All materialized views refreshed successfully!
[2025-10-28 17:31:03] ⏱️  Execution time: 60982.29ms
[2025-10-28 18:00:03] 🔄 Starting materialized views refresh...
[2025-10-28 18:00:03] 🔄 Refreshing Daily detection statistics...
[2025-10-28 18:00:03] ✅ Daily detection statistics refreshed successfully
[2025-10-28 18:00:54] 🔄 Refreshing Branch detection statistics...
[2025-10-28 18:00:54] ✅ Branch detection statistics refreshed successfully
[2025-10-28 18:01:05] 🔄 Refreshing Event logs daily statistics...
[2025-10-28 18:01:05] ✅ Event logs daily statistics refreshed successfully
[2025-10-28 18:01:05] 🔄 Refreshing Re-ID masters daily statistics...
[2025-10-28 18:01:05] ✅ Re-ID masters daily statistics refreshed successfully
[2025-10-28 18:01:05] ✅ All materialized views refreshed successfully!
[2025-10-28 18:01:05] ⏱️  Execution time: 61522.59ms
[2025-10-29 09:30:02] 🔄 Starting materialized views refresh...
[2025-10-29 09:30:02] 🔄 Refreshing Daily detection statistics...
[2025-10-29 09:30:02] ✅ Daily detection statistics refreshed successfully
[2025-10-29 09:31:15] 🔄 Refreshing Branch detection statistics...
[2025-10-29 09:31:15] ✅ Branch detection statistics refreshed successfully
[2025-10-29 09:31:32] 🔄 Refreshing Event logs daily statistics...
[2025-10-29 09:31:32] ✅ Event logs daily statistics refreshed successfully
[2025-10-29 09:31:32] 🔄 Refreshing Re-ID masters daily statistics...
[2025-10-29 09:31:32] ✅ Re-ID masters daily statistics refreshed successfully
[2025-10-29 09:31:32] ✅ All materialized views refreshed successfully!
[2025-10-29 09:31:32] ⏱️  Execution time: 89535.2ms
[2025-10-29 10:00:03] 🔄 Starting materialized views refresh...
[2025-10-29 10:00:03] 🔄 Refreshing Daily detection statistics...
[2025-10-29 10:00:03] ✅ Daily detection statistics refreshed successfully
[2025-10-29 10:01:13] 🔄 Refreshing Branch detection statistics...
[2025-10-29 10:01:13] ✅ Branch detection statistics refreshed successfully
[2025-10-29 10:01:23] 🔄 Refreshing Event logs daily statistics...
[2025-10-29 10:01:23] ✅ Event logs daily statistics refreshed successfully
[2025-10-29 10:01:23] 🔄 Refreshing Re-ID masters daily statistics...
[2025-10-29 10:01:23] ✅ Re-ID masters daily statistics refreshed successfully
[2025-10-29 10:01:23] ✅ All materialized views refreshed successfully!
[2025-10-29 10:01:23] ⏱️  Execution time: 79674.12ms
[2025-10-29 10:30:04] 🔄 Starting materialized views refresh...
[2025-10-29 10:30:04] 🔄 Refreshing Daily detection statistics...
[2025-10-29 10:30:04] ✅ Daily detection statistics refreshed successfully
[2025-10-29 10:31:16] 🔄 Refreshing Branch detection statistics...
[2025-10-29 10:31:16] ✅ Branch detection statistics refreshed successfully
[2025-10-29 10:31:28] 🔄 Refreshing Event logs daily statistics...
[2025-10-29 10:31:28] ✅ Event logs daily statistics refreshed successfully
[2025-10-29 10:31:28] 🔄 Refreshing Re-ID masters daily statistics...
[2025-10-29 10:31:28] ✅ Re-ID masters daily statistics refreshed successfully
[2025-10-29 10:31:28] ✅ All materialized views refreshed successfully!
[2025-10-29 10:31:28] ⏱️  Execution time: 84231.99ms
[2025-10-29 11:00:03] 🔄 Starting materialized views refresh...
[2025-10-29 11:00:03] 🔄 Refreshing Daily detection statistics...
[2025-10-29 11:00:03] ✅ Daily detection statistics refreshed successfully
[2025-10-29 11:01:07] 🔄 Refreshing Branch detection statistics...
[2025-10-29 11:01:07] ✅ Branch detection statistics refreshed successfully
[2025-10-29 11:01:18] 🔄 Refreshing Event logs daily statistics...
[2025-10-29 11:01:18] ✅ Event logs daily statistics refreshed successfully
[2025-10-29 11:01:18] 🔄 Refreshing Re-ID masters daily statistics...
[2025-10-29 11:01:18] ✅ Re-ID masters daily statistics refreshed successfully
[2025-10-29 11:01:18] ✅ All materialized views refreshed successfully!
[2025-10-29 11:01:18] ⏱️  Execution time: 74589.31ms
[2025-10-29 11:30:03] 🔄 Starting materialized views refresh...
[2025-10-29 11:30:03] 🔄 Refreshing Daily detection statistics...
[2025-10-29 11:30:03] ✅ Daily detection statistics refreshed successfully
[2025-10-29 11:31:07] 🔄 Refreshing Branch detection statistics...
[2025-10-29 11:31:07] ✅ Branch detection statistics refreshed successfully
[2025-10-29 11:31:19] 🔄 Refreshing Event logs daily statistics...
[2025-10-29 11:31:19] ✅ Event logs daily statistics refreshed successfully
[2025-10-29 11:31:19] 🔄 Refreshing Re-ID masters daily statistics...
[2025-10-29 11:31:19] ✅ Re-ID masters daily statistics refreshed successfully
[2025-10-29 11:31:19] ✅ All materialized views refreshed successfully!
[2025-10-29 11:31:19] ⏱️  Execution time: 75798.84ms
[2025-10-29 12:00:03] 🔄 Starting materialized views refresh...
[2025-10-29 12:00:03] 🔄 Refreshing Daily detection statistics...
[2025-10-29 12:00:03] ✅ Daily detection statistics refreshed successfully
[2025-10-29 12:01:12] 🔄 Refreshing Branch detection statistics...
[2025-10-29 12:01:12] ✅ Branch detection statistics refreshed successfully
[2025-10-29 12:01:23] 🔄 Refreshing Event logs daily statistics...
[2025-10-29 12:01:23] ✅ Event logs daily statistics refreshed successfully
[2025-10-29 12:01:23] 🔄 Refreshing Re-ID masters daily statistics...
[2025-10-29 12:01:23] ✅ Re-ID masters daily statistics refreshed successfully
[2025-10-29 12:01:23] ✅ All materialized views refreshed successfully!
[2025-10-29 12:01:23] ⏱️  Execution time: 79837.29ms
[2025-10-29 12:30:03] 🔄 Starting materialized views refresh...
[2025-10-29 12:30:03] 🔄 Refreshing Daily detection statistics...
[2025-10-29 12:30:03] ✅ Daily detection statistics refreshed successfully
[2025-10-29 12:31:04] 🔄 Refreshing Branch detection statistics...
[2025-10-29 12:31:04] ✅ Branch detection statistics refreshed successfully
[2025-10-29 12:31:16] 🔄 Refreshing Event logs daily statistics...
[2025-10-29 12:31:16] ✅ Event logs daily statistics refreshed successfully
[2025-10-29 12:31:16] 🔄 Refreshing Re-ID masters daily statistics...
[2025-10-29 12:31:16] ✅ Re-ID masters daily statistics refreshed successfully
[2025-10-29 12:31:16] ✅ All materialized views refreshed successfully!
[2025-10-29 12:31:16] ⏱️  Execution time: 73748ms
[2025-10-29 13:00:03] 🔄 Starting materialized views refresh...
[2025-10-29 13:00:03] 🔄 Refreshing Daily detection statistics...
[2025-10-29 13:00:03] ✅ Daily detection statistics refreshed successfully
[2025-10-29 13:01:30] 🔄 Refreshing Branch detection statistics...
[2025-10-29 13:01:30] ✅ Branch detection statistics refreshed successfully
[2025-10-29 13:01:42] 🔄 Refreshing Event logs daily statistics...
[2025-10-29 13:01:42] ✅ Event logs daily statistics refreshed successfully
[2025-10-29 13:01:42] 🔄 Refreshing Re-ID masters daily statistics...
[2025-10-29 13:01:42] ✅ Re-ID masters daily statistics refreshed successfully
[2025-10-29 13:01:42] ✅ All materialized views refreshed successfully!
[2025-10-29 13:01:42] ⏱️  Execution time: 99242.72ms
[2025-10-29 13:30:03] 🔄 Starting materialized views refresh...
[2025-10-29 13:30:03] 🔄 Refreshing Daily detection statistics...
[2025-10-29 13:30:03] ✅ Daily detection statistics refreshed successfully
[2025-10-29 13:31:02] 🔄 Refreshing Branch detection statistics...
[2025-10-29 13:31:02] ✅ Branch detection statistics refreshed successfully
[2025-10-29 13:31:12] 🔄 Refreshing Event logs daily statistics...
[2025-10-29 13:31:12] ✅ Event logs daily statistics refreshed successfully
[2025-10-29 13:31:12] 🔄 Refreshing Re-ID masters daily statistics...
[2025-10-29 13:31:12] ✅ Re-ID masters daily statistics refreshed successfully
[2025-10-29 13:31:12] ✅ All materialized views refreshed successfully!
[2025-10-29 13:31:12] ⏱️  Execution time: 68697.49ms
[2025-10-29 14:00:02] 🔄 Starting materialized views refresh...
[2025-10-29 14:00:02] 🔄 Refreshing Daily detection statistics...
[2025-10-29 14:00:02] ✅ Daily detection statistics refreshed successfully
[2025-10-29 14:00:54] 🔄 Refreshing Branch detection statistics...
[2025-10-29 14:00:54] ✅ Branch detection statistics refreshed successfully
[2025-10-29 14:01:04] 🔄 Refreshing Event logs daily statistics...
[2025-10-29 14:01:04] ✅ Event logs daily statistics refreshed successfully
[2025-10-29 14:01:04] 🔄 Refreshing Re-ID masters daily statistics...
[2025-10-29 14:01:04] ✅ Re-ID masters daily statistics refreshed successfully
[2025-10-29 14:01:04] ✅ All materialized views refreshed successfully!
[2025-10-29 14:01:04] ⏱️  Execution time: 61992.23ms
[2025-10-29 14:30:02] 🔄 Starting materialized views refresh...
[2025-10-29 14:30:02] 🔄 Refreshing Daily detection statistics...
[2025-10-29 14:30:02] ✅ Daily detection statistics refreshed successfully
[2025-10-29 14:31:00] 🔄 Refreshing Branch detection statistics...
[2025-10-29 14:31:00] ✅ Branch detection statistics refreshed successfully
[2025-10-29 14:31:31] 🔄 Refreshing Event logs daily statistics...
[2025-10-29 14:31:31] ✅ Event logs daily statistics refreshed successfully
[2025-10-29 14:31:31] 🔄 Refreshing Re-ID masters daily statistics...
[2025-10-29 14:31:31] ✅ Re-ID masters daily statistics refreshed successfully
[2025-10-29 14:31:31] ✅ All materialized views refreshed successfully!
[2025-10-29 14:31:31] ⏱️  Execution time: 88606.52ms
[2025-10-29 15:00:02] 🔄 Starting materialized views refresh...
[2025-10-29 15:00:02] 🔄 Refreshing Daily detection statistics...
[2025-10-29 15:00:02] ✅ Daily detection statistics refreshed successfully
[2025-10-29 15:00:51] 🔄 Refreshing Branch detection statistics...
[2025-10-29 15:00:51] ✅ Branch detection statistics refreshed successfully
[2025-10-29 15:00:59] 🔄 Refreshing Event logs daily statistics...
[2025-10-29 15:00:59] ✅ Event logs daily statistics refreshed successfully
[2025-10-29 15:00:59] 🔄 Refreshing Re-ID masters daily statistics...
[2025-10-29 15:00:59] ✅ Re-ID masters daily statistics refreshed successfully
[2025-10-29 15:00:59] ✅ All materialized views refreshed successfully!
[2025-10-29 15:00:59] ⏱️  Execution time: 57085.31ms
[2025-10-29 15:30:03] 🔄 Starting materialized views refresh...
[2025-10-29 15:30:03] 🔄 Refreshing Daily detection statistics...
[2025-10-29 15:30:03] ✅ Daily detection statistics refreshed successfully
[2025-10-29 15:31:33] 🔄 Refreshing Branch detection statistics...
[2025-10-29 15:31:33] ✅ Branch detection statistics refreshed successfully
[2025-10-29 15:31:58] 🔄 Refreshing Event logs daily statistics...
[2025-10-29 15:31:58] ✅ Event logs daily statistics refreshed successfully
[2025-10-29 15:31:58] 🔄 Refreshing Re-ID masters daily statistics...
[2025-10-29 15:31:58] ✅ Re-ID masters daily statistics refreshed successfully
[2025-10-29 15:31:58] ✅ All materialized views refreshed successfully!
[2025-10-29 15:31:58] ⏱️  Execution time: 115072.89ms
[2025-10-29 16:00:03] 🔄 Starting materialized views refresh...
[2025-10-29 16:00:03] 🔄 Refreshing Daily detection statistics...
[2025-10-29 16:00:03] ✅ Daily detection statistics refreshed successfully
[2025-10-29 16:00:54] 🔄 Refreshing Branch detection statistics...
[2025-10-29 16:00:54] ✅ Branch detection statistics refreshed successfully
[2025-10-29 16:01:14] 🔄 Refreshing Event logs daily statistics...
[2025-10-29 16:01:14] ✅ Event logs daily statistics refreshed successfully
[2025-10-29 16:01:14] 🔄 Refreshing Re-ID masters daily statistics...
[2025-10-29 16:01:14] ✅ Re-ID masters daily statistics refreshed successfully
[2025-10-29 16:01:14] ✅ All materialized views refreshed successfully!
[2025-10-29 16:01:14] ⏱️  Execution time: 71110.64ms
[2025-10-29 16:30:02] 🔄 Starting materialized views refresh...
[2025-10-29 16:30:02] 🔄 Refreshing Daily detection statistics...
[2025-10-29 16:30:02] ✅ Daily detection statistics refreshed successfully
[2025-10-29 16:30:58] 🔄 Refreshing Branch detection statistics...
[2025-10-29 16:30:58] ✅ Branch detection statistics refreshed successfully
[2025-10-29 16:31:15] 🔄 Refreshing Event logs daily statistics...
[2025-10-29 16:31:15] ✅ Event logs daily statistics refreshed successfully
[2025-10-29 16:31:15] 🔄 Refreshing Re-ID masters daily statistics...
[2025-10-29 16:31:15] ✅ Re-ID masters daily statistics refreshed successfully
[2025-10-29 16:31:15] ✅ All materialized views refreshed successfully!
[2025-10-29 16:31:15] ⏱️  Execution time: 72849.97ms
[2025-10-29 17:00:02] 🔄 Starting materialized views refresh...
[2025-10-29 17:00:02] 🔄 Refreshing Daily detection statistics...
[2025-10-29 17:00:02] ✅ Daily detection statistics refreshed successfully
[2025-10-29 17:01:04] 🔄 Refreshing Branch detection statistics...
[2025-10-29 17:01:04] ✅ Branch detection statistics refreshed successfully
[2025-10-29 17:01:15] 🔄 Refreshing Event logs daily statistics...
[2025-10-29 17:01:15] ✅ Event logs daily statistics refreshed successfully
[2025-10-29 17:01:15] 🔄 Refreshing Re-ID masters daily statistics...
[2025-10-29 17:01:15] ✅ Re-ID masters daily statistics refreshed successfully
[2025-10-29 17:01:15] ✅ All materialized views refreshed successfully!
[2025-10-29 17:01:15] ⏱️  Execution time: 72992.65ms
[2025-10-29 17:30:02] 🔄 Starting materialized views refresh...
[2025-10-29 17:30:02] 🔄 Refreshing Daily detection statistics...
[2025-10-29 17:30:02] ✅ Daily detection statistics refreshed successfully
[2025-10-29 17:31:11] 🔄 Refreshing Branch detection statistics...
[2025-10-29 17:31:11] ✅ Branch detection statistics refreshed successfully
[2025-10-29 17:31:23] 🔄 Refreshing Event logs daily statistics...
[2025-10-29 17:31:23] ✅ Event logs daily statistics refreshed successfully
[2025-10-29 17:31:23] 🔄 Refreshing Re-ID masters daily statistics...
[2025-10-29 17:31:23] ✅ Re-ID masters daily statistics refreshed successfully
[2025-10-29 17:31:23] ✅ All materialized views refreshed successfully!
[2025-10-29 17:31:23] ⏱️  Execution time: 81087.83ms
[2025-10-29 18:00:02] 🔄 Starting materialized views refresh...
[2025-10-29 18:00:02] 🔄 Refreshing Daily detection statistics...
[2025-10-29 18:00:02] ✅ Daily detection statistics refreshed successfully
[2025-10-29 18:00:55] 🔄 Refreshing Branch detection statistics...
[2025-10-29 18:00:55] ✅ Branch detection statistics refreshed successfully
[2025-10-29 18:01:05] 🔄 Refreshing Event logs daily statistics...
[2025-10-29 18:01:05] ✅ Event logs daily statistics refreshed successfully
[2025-10-29 18:01:05] 🔄 Refreshing Re-ID masters daily statistics...
[2025-10-29 18:01:05] ✅ Re-ID masters daily statistics refreshed successfully
[2025-10-29 18:01:05] ✅ All materialized views refreshed successfully!
[2025-10-29 18:01:05] ⏱️  Execution time: 63309.15ms
[2025-10-30 09:30:04] 🔄 Starting materialized views refresh...
[2025-10-30 09:30:04] 🔄 Refreshing Daily detection statistics...
[2025-10-30 09:30:04] ✅ Daily detection statistics refreshed successfully
[2025-10-30 09:31:18] 🔄 Refreshing Branch detection statistics...
[2025-10-30 09:31:18] ✅ Branch detection statistics refreshed successfully
[2025-10-30 09:31:33] 🔄 Refreshing Event logs daily statistics...
[2025-10-30 09:31:33] ✅ Event logs daily statistics refreshed successfully
[2025-10-30 09:31:33] 🔄 Refreshing Re-ID masters daily statistics...
[2025-10-30 09:31:33] ✅ Re-ID masters daily statistics refreshed successfully
[2025-10-30 09:31:33] ✅ All materialized views refreshed successfully!
[2025-10-30 09:31:33] ⏱️  Execution time: 88523.31ms
[2025-10-30 10:00:03] 🔄 Starting materialized views refresh...
[2025-10-30 10:00:03] 🔄 Refreshing Daily detection statistics...
[2025-10-30 10:00:03] ✅ Daily detection statistics refreshed successfully
[2025-10-30 10:01:18] 🔄 Refreshing Branch detection statistics...
[2025-10-30 10:01:18] ✅ Branch detection statistics refreshed successfully
[2025-10-30 10:01:28] 🔄 Refreshing Event logs daily statistics...
[2025-10-30 10:01:28] ✅ Event logs daily statistics refreshed successfully
[2025-10-30 10:01:28] 🔄 Refreshing Re-ID masters daily statistics...
[2025-10-30 10:01:28] ✅ Re-ID masters daily statistics refreshed successfully
[2025-10-30 10:01:28] ✅ All materialized views refreshed successfully!
[2025-10-30 10:01:28] ⏱️  Execution time: 84657.97ms
[2025-10-30 10:30:05] 🔄 Starting materialized views refresh...
[2025-10-30 10:30:05] 🔄 Refreshing Daily detection statistics...
[2025-10-30 10:30:05] ✅ Daily detection statistics refreshed successfully
[2025-10-30 10:30:54] 🔄 Refreshing Branch detection statistics...
[2025-10-30 10:30:54] ✅ Branch detection statistics refreshed successfully
[2025-10-30 10:31:04] 🔄 Refreshing Event logs daily statistics...
[2025-10-30 10:31:04] ✅ Event logs daily statistics refreshed successfully
[2025-10-30 10:31:04] 🔄 Refreshing Re-ID masters daily statistics...
[2025-10-30 10:31:04] ✅ Re-ID masters daily statistics refreshed successfully
[2025-10-30 10:31:04] ✅ All materialized views refreshed successfully!
[2025-10-30 10:31:04] ⏱️  Execution time: 58750.91ms
[2025-10-30 11:00:04] 🔄 Starting materialized views refresh...
[2025-10-30 11:00:04] 🔄 Refreshing Daily detection statistics...
[2025-10-30 11:00:04] ✅ Daily detection statistics refreshed successfully
[2025-10-30 11:00:55] 🔄 Refreshing Branch detection statistics...
[2025-10-30 11:00:55] ✅ Branch detection statistics refreshed successfully
[2025-10-30 11:01:06] 🔄 Refreshing Event logs daily statistics...
[2025-10-30 11:01:06] ✅ Event logs daily statistics refreshed successfully
[2025-10-30 11:01:06] 🔄 Refreshing Re-ID masters daily statistics...
[2025-10-30 11:01:06] ✅ Re-ID masters daily statistics refreshed successfully
[2025-10-30 11:01:06] ✅ All materialized views refreshed successfully!
[2025-10-30 11:01:06] ⏱️  Execution time: 61877.01ms
[2025-10-30 11:30:03] 🔄 Starting materialized views refresh...
[2025-10-30 11:30:03] 🔄 Refreshing Daily detection statistics...
[2025-10-30 11:30:03] ✅ Daily detection statistics refreshed successfully
[2025-10-30 11:30:55] 🔄 Refreshing Branch detection statistics...
[2025-10-30 11:30:55] ✅ Branch detection statistics refreshed successfully
[2025-10-30 11:31:05] 🔄 Refreshing Event logs daily statistics...
[2025-10-30 11:31:05] ✅ Event logs daily statistics refreshed successfully
[2025-10-30 11:31:05] 🔄 Refreshing Re-ID masters daily statistics...
[2025-10-30 11:31:05] ✅ Re-ID masters daily statistics refreshed successfully
[2025-10-30 11:31:05] ✅ All materialized views refreshed successfully!
[2025-10-30 11:31:05] ⏱️  Execution time: 62037.3ms
[2025-10-30 12:00:03] 🔄 Starting materialized views refresh...
[2025-10-30 12:00:03] 🔄 Refreshing Daily detection statistics...
[2025-10-30 12:00:03] ✅ Daily detection statistics refreshed successfully
[2025-10-30 12:01:03] 🔄 Refreshing Branch detection statistics...
[2025-10-30 12:01:03] ✅ Branch detection statistics refreshed successfully
[2025-10-30 12:01:14] 🔄 Refreshing Event logs daily statistics...
[2025-10-30 12:01:14] ✅ Event logs daily statistics refreshed successfully
[2025-10-30 12:01:14] 🔄 Refreshing Re-ID masters daily statistics...
[2025-10-30 12:01:14] ✅ Re-ID masters daily statistics refreshed successfully
[2025-10-30 12:01:14] ✅ All materialized views refreshed successfully!
[2025-10-30 12:01:14] ⏱️  Execution time: 70866.78ms
[2025-10-30 12:30:04] 🔄 Starting materialized views refresh...
[2025-10-30 12:30:04] 🔄 Refreshing Daily detection statistics...
[2025-10-30 12:30:04] ✅ Daily detection statistics refreshed successfully
[2025-10-30 12:30:56] 🔄 Refreshing Branch detection statistics...
[2025-10-30 12:30:56] ✅ Branch detection statistics refreshed successfully
[2025-10-30 12:31:05] 🔄 Refreshing Event logs daily statistics...
[2025-10-30 12:31:05] ✅ Event logs daily statistics refreshed successfully
[2025-10-30 12:31:05] 🔄 Refreshing Re-ID masters daily statistics...
[2025-10-30 12:31:05] ✅ Re-ID masters daily statistics refreshed successfully
[2025-10-30 12:31:05] ✅ All materialized views refreshed successfully!
[2025-10-30 12:31:05] ⏱️  Execution time: 60884.22ms
[2025-10-30 13:00:03] 🔄 Starting materialized views refresh...
[2025-10-30 13:00:03] 🔄 Refreshing Daily detection statistics...
[2025-10-30 13:00:03] ✅ Daily detection statistics refreshed successfully
[2025-10-30 13:00:52] 🔄 Refreshing Branch detection statistics...
[2025-10-30 13:00:52] ✅ Branch detection statistics refreshed successfully
[2025-10-30 13:01:02] 🔄 Refreshing Event logs daily statistics...
[2025-10-30 13:01:02] ✅ Event logs daily statistics refreshed successfully
[2025-10-30 13:01:02] 🔄 Refreshing Re-ID masters daily statistics...
[2025-10-30 13:01:02] ✅ Re-ID masters daily statistics refreshed successfully
[2025-10-30 13:01:02] ✅ All materialized views refreshed successfully!
[2025-10-30 13:01:02] ⏱️  Execution time: 58214.5ms
[2025-10-30 13:30:04] 🔄 Starting materialized views refresh...
[2025-10-30 13:30:04] 🔄 Refreshing Daily detection statistics...
[2025-10-30 13:30:04] ✅ Daily detection statistics refreshed successfully
[2025-10-30 13:30:55] 🔄 Refreshing Branch detection statistics...
[2025-10-30 13:30:55] ✅ Branch detection statistics refreshed successfully
[2025-10-30 13:31:06] 🔄 Refreshing Event logs daily statistics...
[2025-10-30 13:31:06] ✅ Event logs daily statistics refreshed successfully
[2025-10-30 13:31:06] 🔄 Refreshing Re-ID masters daily statistics...
[2025-10-30 13:31:06] ✅ Re-ID masters daily statistics refreshed successfully
[2025-10-30 13:31:06] ✅ All materialized views refreshed successfully!
[2025-10-30 13:31:06] ⏱️  Execution time: 61747.51ms
[2025-10-30 14:00:04] 🔄 Starting materialized views refresh...
[2025-10-30 14:00:04] 🔄 Refreshing Daily detection statistics...
[2025-10-30 14:00:04] ✅ Daily detection statistics refreshed successfully
[2025-10-30 14:00:58] 🔄 Refreshing Branch detection statistics...
[2025-10-30 14:00:58] ✅ Branch detection statistics refreshed successfully
[2025-10-30 14:01:07] 🔄 Refreshing Event logs daily statistics...
[2025-10-30 14:01:07] ✅ Event logs daily statistics refreshed successfully
[2025-10-30 14:01:07] 🔄 Refreshing Re-ID masters daily statistics...
[2025-10-30 14:01:07] ✅ Re-ID masters daily statistics refreshed successfully
[2025-10-30 14:01:07] ✅ All materialized views refreshed successfully!
[2025-10-30 14:01:07] ⏱️  Execution time: 63083.75ms
[2025-10-30 14:30:04] 🔄 Starting materialized views refresh...
[2025-10-30 14:30:04] 🔄 Refreshing Daily detection statistics...
[2025-10-30 14:30:04] ✅ Daily detection statistics refreshed successfully
[2025-10-30 14:30:57] 🔄 Refreshing Branch detection statistics...
[2025-10-30 14:30:57] ✅ Branch detection statistics refreshed successfully
[2025-10-30 14:31:07] 🔄 Refreshing Event logs daily statistics...
[2025-10-30 14:31:07] ✅ Event logs daily statistics refreshed successfully
[2025-10-30 14:31:07] 🔄 Refreshing Re-ID masters daily statistics...
[2025-10-30 14:31:07] ✅ Re-ID masters daily statistics refreshed successfully
[2025-10-30 14:31:07] ✅ All materialized views refreshed successfully!
[2025-10-30 14:31:07] ⏱️  Execution time: 63082.88ms
[2025-10-30 15:00:03] 🔄 Starting materialized views refresh...
[2025-10-30 15:00:03] 🔄 Refreshing Daily detection statistics...
[2025-10-30 15:00:03] ✅ Daily detection statistics refreshed successfully
[2025-10-30 15:00:51] 🔄 Refreshing Branch detection statistics...
[2025-10-30 15:00:51] ✅ Branch detection statistics refreshed successfully
[2025-10-30 15:01:01] 🔄 Refreshing Event logs daily statistics...
[2025-10-30 15:01:01] ✅ Event logs daily statistics refreshed successfully
[2025-10-30 15:01:01] 🔄 Refreshing Re-ID masters daily statistics...
[2025-10-30 15:01:01] ✅ Re-ID masters daily statistics refreshed successfully
[2025-10-30 15:01:01] ✅ All materialized views refreshed successfully!
[2025-10-30 15:01:01] ⏱️  Execution time: 57903.04ms
[2025-10-30 15:30:03] 🔄 Starting materialized views refresh...
[2025-10-30 15:30:03] 🔄 Refreshing Daily detection statistics...
[2025-10-30 15:30:03] ✅ Daily detection statistics refreshed successfully
[2025-10-30 15:30:56] 🔄 Refreshing Branch detection statistics...
[2025-10-30 15:30:56] ✅ Branch detection statistics refreshed successfully
[2025-10-30 15:31:06] 🔄 Refreshing Event logs daily statistics...
[2025-10-30 15:31:06] ✅ Event logs daily statistics refreshed successfully
[2025-10-30 15:31:06] 🔄 Refreshing Re-ID masters daily statistics...
[2025-10-30 15:31:06] ✅ Re-ID masters daily statistics refreshed successfully
[2025-10-30 15:31:06] ✅ All materialized views refreshed successfully!
[2025-10-30 15:31:06] ⏱️  Execution time: 62728.47ms
[2025-10-30 16:00:04] 🔄 Starting materialized views refresh...
[2025-10-30 16:00:04] 🔄 Refreshing Daily detection statistics...
[2025-10-30 16:00:04] ✅ Daily detection statistics refreshed successfully
[2025-10-30 16:00:52] 🔄 Refreshing Branch detection statistics...
[2025-10-30 16:00:52] ✅ Branch detection statistics refreshed successfully
[2025-10-30 16:01:01] 🔄 Refreshing Event logs daily statistics...
[2025-10-30 16:01:01] ✅ Event logs daily statistics refreshed successfully
[2025-10-30 16:01:01] 🔄 Refreshing Re-ID masters daily statistics...
[2025-10-30 16:01:01] ✅ Re-ID masters daily statistics refreshed successfully
[2025-10-30 16:01:01] ✅ All materialized views refreshed successfully!
[2025-10-30 16:01:01] ⏱️  Execution time: 57329.78ms
[2025-10-30 16:30:03] 🔄 Starting materialized views refresh...
[2025-10-30 16:30:03] 🔄 Refreshing Daily detection statistics...
[2025-10-30 16:30:03] ✅ Daily detection statistics refreshed successfully
[2025-10-30 16:30:55] 🔄 Refreshing Branch detection statistics...
[2025-10-30 16:30:55] ✅ Branch detection statistics refreshed successfully
[2025-10-30 16:31:04] 🔄 Refreshing Event logs daily statistics...
[2025-10-30 16:31:04] ✅ Event logs daily statistics refreshed successfully
[2025-10-30 16:31:04] 🔄 Refreshing Re-ID masters daily statistics...
[2025-10-30 16:31:04] ✅ Re-ID masters daily statistics refreshed successfully
[2025-10-30 16:31:05] ✅ All materialized views refreshed successfully!
[2025-10-30 16:31:05] ⏱️  Execution time: 61120ms
[2025-10-30 17:00:02] 🔄 Starting materialized views refresh...
[2025-10-30 17:00:02] 🔄 Refreshing Daily detection statistics...
[2025-10-30 17:00:02] ✅ Daily detection statistics refreshed successfully
[2025-10-30 17:00:52] 🔄 Refreshing Branch detection statistics...
[2025-10-30 17:00:52] ✅ Branch detection statistics refreshed successfully
[2025-10-30 17:01:00] 🔄 Refreshing Event logs daily statistics...
[2025-10-30 17:01:00] ✅ Event logs daily statistics refreshed successfully
[2025-10-30 17:01:00] 🔄 Refreshing Re-ID masters daily statistics...
[2025-10-30 17:01:00] ✅ Re-ID masters daily statistics refreshed successfully
[2025-10-30 17:01:00] ✅ All materialized views refreshed successfully!
[2025-10-30 17:01:00] ⏱️  Execution time: 57983.11ms
[2025-10-30 17:30:03] 🔄 Starting materialized views refresh...
[2025-10-30 17:30:03] 🔄 Refreshing Daily detection statistics...
[2025-10-30 17:30:03] ✅ Daily detection statistics refreshed successfully
[2025-10-30 17:30:53] 🔄 Refreshing Branch detection statistics...
[2025-10-30 17:30:53] ✅ Branch detection statistics refreshed successfully
[2025-10-30 17:31:03] 🔄 Refreshing Event logs daily statistics...
[2025-10-30 17:31:03] ✅ Event logs daily statistics refreshed successfully
[2025-10-30 17:31:03] 🔄 Refreshing Re-ID masters daily statistics...
[2025-10-30 17:31:03] ✅ Re-ID masters daily statistics refreshed successfully
[2025-10-30 17:31:04] ✅ All materialized views refreshed successfully!
[2025-10-30 17:31:04] ⏱️  Execution time: 60365.34ms
[2025-10-30 18:00:02] 🔄 Starting materialized views refresh...
[2025-10-30 18:00:02] 🔄 Refreshing Daily detection statistics...
[2025-10-30 18:00:02] ✅ Daily detection statistics refreshed successfully
[2025-10-30 18:00:51] 🔄 Refreshing Branch detection statistics...
[2025-10-30 18:00:51] ✅ Branch detection statistics refreshed successfully
[2025-10-30 18:01:01] 🔄 Refreshing Event logs daily statistics...
[2025-10-30 18:01:01] ✅ Event logs daily statistics refreshed successfully
[2025-10-30 18:01:01] 🔄 Refreshing Re-ID masters daily statistics...
[2025-10-30 18:01:01] ✅ Re-ID masters daily statistics refreshed successfully
[2025-10-30 18:01:01] ✅ All materialized views refreshed successfully!
[2025-10-30 18:01:01] ⏱️  Execution time: 58937.88ms
[2025-10-31 10:00:01] 🔄 Starting materialized views refresh...
[2025-10-31 10:00:01] 🔄 Refreshing Daily detection statistics...
[2025-10-31 10:00:01] ✅ Daily detection statistics refreshed successfully
[2025-10-31 10:02:42] 🔄 Refreshing Branch detection statistics...
[2025-10-31 10:02:42] ✅ Branch detection statistics refreshed successfully
[2025-10-31 10:03:58] 🔄 Refreshing Event logs daily statistics...
[2025-10-31 10:03:58] ✅ Event logs daily statistics refreshed successfully
[2025-10-31 10:03:59] 🔄 Refreshing Re-ID masters daily statistics...
[2025-10-31 10:03:59] ✅ Re-ID masters daily statistics refreshed successfully
[2025-10-31 10:03:59] ✅ All materialized views refreshed successfully!
[2025-10-31 10:03:59] ⏱️  Execution time: 237346.98ms
[2025-10-31 10:30:03] 🔄 Starting materialized views refresh...
[2025-10-31 10:30:03] 🔄 Refreshing Daily detection statistics...
[2025-10-31 10:30:03] ✅ Daily detection statistics refreshed successfully
[2025-10-31 10:31:11] 🔄 Refreshing Branch detection statistics...
[2025-10-31 10:31:11] ✅ Branch detection statistics refreshed successfully
[2025-10-31 10:31:21] 🔄 Refreshing Event logs daily statistics...
[2025-10-31 10:31:21] ✅ Event logs daily statistics refreshed successfully
[2025-10-31 10:31:21] 🔄 Refreshing Re-ID masters daily statistics...
[2025-10-31 10:31:21] ✅ Re-ID masters daily statistics refreshed successfully
[2025-10-31 10:31:21] ✅ All materialized views refreshed successfully!
[2025-10-31 10:31:21] ⏱️  Execution time: 78698.41ms
[2025-10-31 11:00:02] 🔄 Starting materialized views refresh...
[2025-10-31 11:00:02] 🔄 Refreshing Daily detection statistics...
[2025-10-31 11:00:02] ✅ Daily detection statistics refreshed successfully
[2025-10-31 11:00:54] 🔄 Refreshing Branch detection statistics...
[2025-10-31 11:00:54] ✅ Branch detection statistics refreshed successfully
[2025-10-31 11:01:03] 🔄 Refreshing Event logs daily statistics...
[2025-10-31 11:01:03] ✅ Event logs daily statistics refreshed successfully
[2025-10-31 11:01:03] 🔄 Refreshing Re-ID masters daily statistics...
[2025-10-31 11:01:03] ✅ Re-ID masters daily statistics refreshed successfully
[2025-10-31 11:01:03] ✅ All materialized views refreshed successfully!
[2025-10-31 11:01:03] ⏱️  Execution time: 61434.99ms
[2025-10-31 11:30:01] 🔄 Starting materialized views refresh...
[2025-10-31 11:30:01] 🔄 Refreshing Daily detection statistics...
[2025-10-31 11:30:01] ✅ Daily detection statistics refreshed successfully
[2025-10-31 11:30:51] 🔄 Refreshing Branch detection statistics...
[2025-10-31 11:30:51] ✅ Branch detection statistics refreshed successfully
[2025-10-31 11:30:59] 🔄 Refreshing Event logs daily statistics...
[2025-10-31 11:30:59] ✅ Event logs daily statistics refreshed successfully
[2025-10-31 11:30:59] 🔄 Refreshing Re-ID masters daily statistics...
[2025-10-31 11:30:59] ✅ Re-ID masters daily statistics refreshed successfully
[2025-10-31 11:30:59] ✅ All materialized views refreshed successfully!
[2025-10-31 11:30:59] ⏱️  Execution time: 58072.84ms
[2025-10-31 12:00:02] 🔄 Starting materialized views refresh...
[2025-10-31 12:00:02] 🔄 Refreshing Daily detection statistics...
[2025-10-31 12:00:02] ✅ Daily detection statistics refreshed successfully
[2025-10-31 12:00:51] 🔄 Refreshing Branch detection statistics...
[2025-10-31 12:00:51] ✅ Branch detection statistics refreshed successfully
[2025-10-31 12:00:59] 🔄 Refreshing Event logs daily statistics...
[2025-10-31 12:00:59] ✅ Event logs daily statistics refreshed successfully
[2025-10-31 12:00:59] 🔄 Refreshing Re-ID masters daily statistics...
[2025-10-31 12:00:59] ✅ Re-ID masters daily statistics refreshed successfully
[2025-10-31 12:00:59] ✅ All materialized views refreshed successfully!
[2025-10-31 12:00:59] ⏱️  Execution time: 56477.92ms
[2025-10-31 12:30:02] 🔄 Starting materialized views refresh...
[2025-10-31 12:30:02] 🔄 Refreshing Daily detection statistics...
[2025-10-31 12:30:02] ✅ Daily detection statistics refreshed successfully
[2025-10-31 12:30:50] 🔄 Refreshing Branch detection statistics...
[2025-10-31 12:30:50] ✅ Branch detection statistics refreshed successfully
[2025-10-31 12:31:00] 🔄 Refreshing Event logs daily statistics...
[2025-10-31 12:31:00] ✅ Event logs daily statistics refreshed successfully
[2025-10-31 12:31:00] 🔄 Refreshing Re-ID masters daily statistics...
[2025-10-31 12:31:00] ✅ Re-ID masters daily statistics refreshed successfully
[2025-10-31 12:31:00] ✅ All materialized views refreshed successfully!
[2025-10-31 12:31:00] ⏱️  Execution time: 57661.72ms
[2025-10-31 13:00:02] 🔄 Starting materialized views refresh...
[2025-10-31 13:00:02] 🔄 Refreshing Daily detection statistics...
[2025-10-31 13:00:02] ✅ Daily detection statistics refreshed successfully
[2025-10-31 13:01:14] 🔄 Refreshing Branch detection statistics...
[2025-10-31 13:01:14] ✅ Branch detection statistics refreshed successfully
[2025-10-31 13:01:25] 🔄 Refreshing Event logs daily statistics...
[2025-10-31 13:01:25] ✅ Event logs daily statistics refreshed successfully
[2025-10-31 13:01:25] 🔄 Refreshing Re-ID masters daily statistics...
[2025-10-31 13:01:25] ✅ Re-ID masters daily statistics refreshed successfully
[2025-10-31 13:01:25] ✅ All materialized views refreshed successfully!
[2025-10-31 13:01:25] ⏱️  Execution time: 83555.19ms
[2025-10-31 13:30:01] 🔄 Starting materialized views refresh...
[2025-10-31 13:30:01] 🔄 Refreshing Daily detection statistics...
[2025-10-31 13:30:01] ✅ Daily detection statistics refreshed successfully
[2025-10-31 13:30:51] 🔄 Refreshing Branch detection statistics...
[2025-10-31 13:30:51] ✅ Branch detection statistics refreshed successfully
[2025-10-31 13:30:59] 🔄 Refreshing Event logs daily statistics...
[2025-10-31 13:30:59] ✅ Event logs daily statistics refreshed successfully
[2025-10-31 13:30:59] 🔄 Refreshing Re-ID masters daily statistics...
[2025-10-31 13:30:59] ✅ Re-ID masters daily statistics refreshed successfully
[2025-10-31 13:30:59] ✅ All materialized views refreshed successfully!
[2025-10-31 13:30:59] ⏱️  Execution time: 57977.18ms
[2025-10-31 14:00:00] 🔄 Starting materialized views refresh...
[2025-10-31 14:00:00] 🔄 Refreshing Daily detection statistics...
[2025-10-31 14:00:00] ✅ Daily detection statistics refreshed successfully
[2025-10-31 14:00:50] 🔄 Refreshing Branch detection statistics...
[2025-10-31 14:00:50] ✅ Branch detection statistics refreshed successfully
[2025-10-31 14:00:59] 🔄 Refreshing Event logs daily statistics...
[2025-10-31 14:00:59] ✅ Event logs daily statistics refreshed successfully
[2025-10-31 14:00:59] 🔄 Refreshing Re-ID masters daily statistics...
[2025-10-31 14:00:59] ✅ Re-ID masters daily statistics refreshed successfully
[2025-10-31 14:00:59] ✅ All materialized views refreshed successfully!
[2025-10-31 14:00:59] ⏱️  Execution time: 59073.3ms
[2025-10-31 14:30:01] 🔄 Starting materialized views refresh...
[2025-10-31 14:30:01] 🔄 Refreshing Daily detection statistics...
[2025-10-31 14:30:01] ✅ Daily detection statistics refreshed successfully
[2025-10-31 14:31:06] 🔄 Refreshing Branch detection statistics...
[2025-10-31 14:31:06] ✅ Branch detection statistics refreshed successfully
[2025-10-31 14:31:18] 🔄 Refreshing Event logs daily statistics...
[2025-10-31 14:31:18] ✅ Event logs daily statistics refreshed successfully
[2025-10-31 14:31:18] 🔄 Refreshing Re-ID masters daily statistics...
[2025-10-31 14:31:18] ✅ Re-ID masters daily statistics refreshed successfully
[2025-10-31 14:31:18] ✅ All materialized views refreshed successfully!
[2025-10-31 14:31:18] ⏱️  Execution time: 76617.9ms
[2025-10-31 15:00:02] 🔄 Starting materialized views refresh...
[2025-10-31 15:00:02] 🔄 Refreshing Daily detection statistics...
[2025-10-31 15:00:02] ✅ Daily detection statistics refreshed successfully
[2025-10-31 15:00:52] 🔄 Refreshing Branch detection statistics...
[2025-10-31 15:00:52] ✅ Branch detection statistics refreshed successfully
[2025-10-31 15:01:02] 🔄 Refreshing Event logs daily statistics...
[2025-10-31 15:01:02] ✅ Event logs daily statistics refreshed successfully
[2025-10-31 15:01:02] 🔄 Refreshing Re-ID masters daily statistics...
[2025-10-31 15:01:02] ✅ Re-ID masters daily statistics refreshed successfully
[2025-10-31 15:01:02] ✅ All materialized views refreshed successfully!
[2025-10-31 15:01:02] ⏱️  Execution time: 60652.16ms
[2025-10-31 15:30:02] 🔄 Starting materialized views refresh...
[2025-10-31 15:30:02] 🔄 Refreshing Daily detection statistics...
[2025-10-31 15:30:02] ✅ Daily detection statistics refreshed successfully
[2025-10-31 15:30:51] 🔄 Refreshing Branch detection statistics...
[2025-10-31 15:30:51] ✅ Branch detection statistics refreshed successfully
[2025-10-31 15:31:02] 🔄 Refreshing Event logs daily statistics...
[2025-10-31 15:31:02] ✅ Event logs daily statistics refreshed successfully
[2025-10-31 15:31:02] 🔄 Refreshing Re-ID masters daily statistics...
[2025-10-31 15:31:02] ✅ Re-ID masters daily statistics refreshed successfully
[2025-10-31 15:31:02] ✅ All materialized views refreshed successfully!
[2025-10-31 15:31:02] ⏱️  Execution time: 60794.33ms
[2025-10-31 16:00:02] 🔄 Starting materialized views refresh...
[2025-10-31 16:00:02] 🔄 Refreshing Daily detection statistics...
[2025-10-31 16:00:02] ✅ Daily detection statistics refreshed successfully
[2025-10-31 16:00:50] 🔄 Refreshing Branch detection statistics...
[2025-10-31 16:00:50] ✅ Branch detection statistics refreshed successfully
[2025-10-31 16:01:01] 🔄 Refreshing Event logs daily statistics...
[2025-10-31 16:01:01] ✅ Event logs daily statistics refreshed successfully
[2025-10-31 16:01:01] 🔄 Refreshing Re-ID masters daily statistics...
[2025-10-31 16:01:01] ✅ Re-ID masters daily statistics refreshed successfully
[2025-10-31 16:01:01] ✅ All materialized views refreshed successfully!
[2025-10-31 16:01:01] ⏱️  Execution time: 59538.94ms
[2025-10-31 16:30:02] 🔄 Starting materialized views refresh...
[2025-10-31 16:30:02] 🔄 Refreshing Daily detection statistics...
[2025-10-31 16:30:02] ✅ Daily detection statistics refreshed successfully
[2025-10-31 16:30:51] 🔄 Refreshing Branch detection statistics...
[2025-10-31 16:30:51] ✅ Branch detection statistics refreshed successfully
[2025-10-31 16:31:01] 🔄 Refreshing Event logs daily statistics...
[2025-10-31 16:31:01] ✅ Event logs daily statistics refreshed successfully
[2025-10-31 16:31:01] 🔄 Refreshing Re-ID masters daily statistics...
[2025-10-31 16:31:01] ✅ Re-ID masters daily statistics refreshed successfully
[2025-10-31 16:31:01] ✅ All materialized views refreshed successfully!
[2025-10-31 16:31:01] ⏱️  Execution time: 58867.01ms
[2025-10-31 17:00:00] 🔄 Starting materialized views refresh...
[2025-10-31 17:00:00] 🔄 Refreshing Daily detection statistics...
[2025-10-31 17:00:00] ✅ Daily detection statistics refreshed successfully
[2025-10-31 17:00:51] 🔄 Refreshing Branch detection statistics...
[2025-10-31 17:00:51] ✅ Branch detection statistics refreshed successfully
[2025-10-31 17:01:00] 🔄 Refreshing Event logs daily statistics...
[2025-10-31 17:01:00] ✅ Event logs daily statistics refreshed successfully
[2025-10-31 17:01:00] 🔄 Refreshing Re-ID masters daily statistics...
[2025-10-31 17:01:00] ✅ Re-ID masters daily statistics refreshed successfully
[2025-10-31 17:01:00] ✅ All materialized views refreshed successfully!
[2025-10-31 17:01:00] ⏱️  Execution time: 60051.2ms
[2025-10-31 17:30:01] 🔄 Starting materialized views refresh...
[2025-10-31 17:30:01] 🔄 Refreshing Daily detection statistics...
[2025-10-31 17:30:01] ✅ Daily detection statistics refreshed successfully
[2025-10-31 17:30:51] 🔄 Refreshing Branch detection statistics...
[2025-10-31 17:30:51] ✅ Branch detection statistics refreshed successfully
[2025-10-31 17:31:00] 🔄 Refreshing Event logs daily statistics...
[2025-10-31 17:31:00] ✅ Event logs daily statistics refreshed successfully
[2025-10-31 17:31:00] 🔄 Refreshing Re-ID masters daily statistics...
[2025-10-31 17:31:00] ✅ Re-ID masters daily statistics refreshed successfully
[2025-10-31 17:31:00] ✅ All materialized views refreshed successfully!
[2025-10-31 17:31:00] ⏱️  Execution time: 58941.64ms
[2025-10-31 18:00:02] 🔄 Starting materialized views refresh...
[2025-10-31 18:00:02] 🔄 Refreshing Daily detection statistics...
[2025-10-31 18:00:02] ✅ Daily detection statistics refreshed successfully
[2025-10-31 18:00:50] 🔄 Refreshing Branch detection statistics...
[2025-10-31 18:00:50] ✅ Branch detection statistics refreshed successfully
[2025-10-31 18:00:58] 🔄 Refreshing Event logs daily statistics...
[2025-10-31 18:00:58] ✅ Event logs daily statistics refreshed successfully
[2025-10-31 18:00:58] 🔄 Refreshing Re-ID masters daily statistics...
[2025-10-31 18:00:58] ✅ Re-ID masters daily statistics refreshed successfully
[2025-10-31 18:00:58] ✅ All materialized views refreshed successfully!
[2025-10-31 18:00:58] ⏱️  Execution time: 56183.76ms
[2025-10-31 18:30:02] 🔄 Starting materialized views refresh...
[2025-10-31 18:30:02] 🔄 Refreshing Daily detection statistics...
[2025-10-31 18:30:02] ✅ Daily detection statistics refreshed successfully
[2025-10-31 18:30:49] 🔄 Refreshing Branch detection statistics...
[2025-10-31 18:30:49] ✅ Branch detection statistics refreshed successfully
[2025-10-31 18:30:58] 🔄 Refreshing Event logs daily statistics...
[2025-10-31 18:30:58] ✅ Event logs daily statistics refreshed successfully
[2025-10-31 18:30:58] 🔄 Refreshing Re-ID masters daily statistics...
[2025-10-31 18:30:58] ✅ Re-ID masters daily statistics refreshed successfully
[2025-10-31 18:30:58] ✅ All materialized views refreshed successfully!
[2025-10-31 18:30:58] ⏱️  Execution time: 56243.29ms
[2025-11-03 11:30:01] 🔄 Starting materialized views refresh...
[2025-11-03 11:30:01] 🔄 Refreshing Daily detection statistics...
[2025-11-03 11:30:01] ✅ Daily detection statistics refreshed successfully
[2025-11-03 11:31:14] 🔄 Refreshing Branch detection statistics...
[2025-11-03 11:31:14] ✅ Branch detection statistics refreshed successfully
[2025-11-03 11:31:26] 🔄 Refreshing Event logs daily statistics...
[2025-11-03 11:31:26] ✅ Event logs daily statistics refreshed successfully
[2025-11-03 11:31:26] 🔄 Refreshing Re-ID masters daily statistics...
[2025-11-03 11:31:26] ✅ Re-ID masters daily statistics refreshed successfully
[2025-11-03 11:31:26] ✅ All materialized views refreshed successfully!
[2025-11-03 11:31:26] ⏱️  Execution time: 84551.8ms
[2025-11-03 12:00:01] 🔄 Starting materialized views refresh...
[2025-11-03 12:00:01] 🔄 Refreshing Daily detection statistics...
[2025-11-03 12:00:01] ✅ Daily detection statistics refreshed successfully
[2025-11-03 12:00:53] 🔄 Refreshing Branch detection statistics...
[2025-11-03 12:00:53] ✅ Branch detection statistics refreshed successfully
[2025-11-03 12:01:03] 🔄 Refreshing Event logs daily statistics...
[2025-11-03 12:01:03] ✅ Event logs daily statistics refreshed successfully
[2025-11-03 12:01:03] 🔄 Refreshing Re-ID masters daily statistics...
[2025-11-03 12:01:03] ✅ Re-ID masters daily statistics refreshed successfully
[2025-11-03 12:01:03] ✅ All materialized views refreshed successfully!
[2025-11-03 12:01:03] ⏱️  Execution time: 61515.16ms
[2025-11-03 12:30:02] 🔄 Starting materialized views refresh...
[2025-11-03 12:30:02] 🔄 Refreshing Daily detection statistics...
[2025-11-03 12:30:02] ✅ Daily detection statistics refreshed successfully
[2025-11-03 12:30:50] 🔄 Refreshing Branch detection statistics...
[2025-11-03 12:30:50] ✅ Branch detection statistics refreshed successfully
[2025-11-03 12:30:59] 🔄 Refreshing Event logs daily statistics...
[2025-11-03 12:30:59] ✅ Event logs daily statistics refreshed successfully
[2025-11-03 12:30:59] 🔄 Refreshing Re-ID masters daily statistics...
[2025-11-03 12:30:59] ✅ Re-ID masters daily statistics refreshed successfully
[2025-11-03 12:30:59] ✅ All materialized views refreshed successfully!
[2025-11-03 12:30:59] ⏱️  Execution time: 56714.86ms
[2025-11-03 13:00:02] 🔄 Starting materialized views refresh...
[2025-11-03 13:00:02] 🔄 Refreshing Daily detection statistics...
[2025-11-03 13:00:02] ✅ Daily detection statistics refreshed successfully
[2025-11-03 13:00:49] 🔄 Refreshing Branch detection statistics...
[2025-11-03 13:00:49] ✅ Branch detection statistics refreshed successfully
[2025-11-03 13:00:58] 🔄 Refreshing Event logs daily statistics...
[2025-11-03 13:00:58] ✅ Event logs daily statistics refreshed successfully
[2025-11-03 13:00:58] 🔄 Refreshing Re-ID masters daily statistics...
[2025-11-03 13:00:58] ✅ Re-ID masters daily statistics refreshed successfully
[2025-11-03 13:00:58] ✅ All materialized views refreshed successfully!
[2025-11-03 13:00:58] ⏱️  Execution time: 56576.54ms
[2025-11-03 13:30:01] 🔄 Starting materialized views refresh...
[2025-11-03 13:30:01] 🔄 Refreshing Daily detection statistics...
[2025-11-03 13:30:01] ✅ Daily detection statistics refreshed successfully
[2025-11-03 13:30:51] 🔄 Refreshing Branch detection statistics...
[2025-11-03 13:30:51] ✅ Branch detection statistics refreshed successfully
[2025-11-03 13:31:01] 🔄 Refreshing Event logs daily statistics...
[2025-11-03 13:31:01] ✅ Event logs daily statistics refreshed successfully
[2025-11-03 13:31:01] 🔄 Refreshing Re-ID masters daily statistics...
[2025-11-03 13:31:01] ✅ Re-ID masters daily statistics refreshed successfully
[2025-11-03 13:31:01] ✅ All materialized views refreshed successfully!
[2025-11-03 13:31:01] ⏱️  Execution time: 60270.05ms
[2025-11-03 14:00:01] 🔄 Starting materialized views refresh...
[2025-11-03 14:00:01] 🔄 Refreshing Daily detection statistics...
[2025-11-03 14:00:01] ✅ Daily detection statistics refreshed successfully
[2025-11-03 14:00:49] 🔄 Refreshing Branch detection statistics...
[2025-11-03 14:00:49] ✅ Branch detection statistics refreshed successfully
[2025-11-03 14:00:57] 🔄 Refreshing Event logs daily statistics...
[2025-11-03 14:00:57] ✅ Event logs daily statistics refreshed successfully
[2025-11-03 14:00:57] 🔄 Refreshing Re-ID masters daily statistics...
[2025-11-03 14:00:57] ✅ Re-ID masters daily statistics refreshed successfully
[2025-11-03 14:00:57] ✅ All materialized views refreshed successfully!
[2025-11-03 14:00:57] ⏱️  Execution time: 55801.64ms
[2025-11-03 14:30:00] 🔄 Starting materialized views refresh...
[2025-11-03 14:30:00] 🔄 Refreshing Daily detection statistics...
[2025-11-03 14:30:00] ✅ Daily detection statistics refreshed successfully
[2025-11-03 14:30:48] 🔄 Refreshing Branch detection statistics...
[2025-11-03 14:30:48] ✅ Branch detection statistics refreshed successfully
[2025-11-03 14:30:57] 🔄 Refreshing Event logs daily statistics...
[2025-11-03 14:30:57] ✅ Event logs daily statistics refreshed successfully
[2025-11-03 14:30:57] 🔄 Refreshing Re-ID masters daily statistics...
[2025-11-03 14:30:57] ✅ Re-ID masters daily statistics refreshed successfully
[2025-11-03 14:30:57] ✅ All materialized views refreshed successfully!
[2025-11-03 14:30:57] ⏱️  Execution time: 56930.98ms
[2025-11-03 15:00:02] 🔄 Starting materialized views refresh...
[2025-11-03 15:00:02] 🔄 Refreshing Daily detection statistics...
[2025-11-03 15:00:02] ✅ Daily detection statistics refreshed successfully
[2025-11-03 15:00:02] 🔄 Refreshing Branch detection statistics...
[2025-11-03 15:00:02] ✅ Branch detection statistics refreshed successfully
[2025-11-03 15:00:02] 🔄 Refreshing Event logs daily statistics...
[2025-11-03 15:00:02] ✅ Event logs daily statistics refreshed successfully
[2025-11-03 15:00:02] 🔄 Refreshing Re-ID masters daily statistics...
[2025-11-03 15:00:02] ✅ Re-ID masters daily statistics refreshed successfully
[2025-11-03 15:00:02] ✅ All materialized views refreshed successfully!
[2025-11-03 15:00:02] ⏱️  Execution time: 64.55ms
[2025-11-03 15:30:02] 🔄 Starting materialized views refresh...
[2025-11-03 15:30:02] 🔄 Refreshing Daily detection statistics...
[2025-11-03 15:30:02] ✅ Daily detection statistics refreshed successfully
[2025-11-03 15:30:02] 🔄 Refreshing Branch detection statistics...
[2025-11-03 15:30:02] ✅ Branch detection statistics refreshed successfully
[2025-11-03 15:30:02] 🔄 Refreshing Event logs daily statistics...
[2025-11-03 15:30:02] ✅ Event logs daily statistics refreshed successfully
[2025-11-03 15:30:02] 🔄 Refreshing Re-ID masters daily statistics...
[2025-11-03 15:30:02] ✅ Re-ID masters daily statistics refreshed successfully
[2025-11-03 15:30:02] ✅ All materialized views refreshed successfully!
[2025-11-03 15:30:02] ⏱️  Execution time: 47.94ms
[2025-11-03 16:00:02] 🔄 Starting materialized views refresh...
[2025-11-03 16:00:02] 🔄 Refreshing Daily detection statistics...
[2025-11-03 16:00:02] ✅ Daily detection statistics refreshed successfully
[2025-11-03 16:00:02] 🔄 Refreshing Branch detection statistics...
[2025-11-03 16:00:02] ✅ Branch detection statistics refreshed successfully
[2025-11-03 16:00:02] 🔄 Refreshing Event logs daily statistics...
[2025-11-03 16:00:02] ✅ Event logs daily statistics refreshed successfully
[2025-11-03 16:00:02] 🔄 Refreshing Re-ID masters daily statistics...
[2025-11-03 16:00:02] ✅ Re-ID masters daily statistics refreshed successfully
[2025-11-03 16:00:02] ✅ All materialized views refreshed successfully!
[2025-11-03 16:00:02] ⏱️  Execution time: 38.33ms
[2025-11-03 16:30:02] 🔄 Starting materialized views refresh...
[2025-11-03 16:30:02] 🔄 Refreshing Daily detection statistics...
[2025-11-03 16:30:02] ✅ Daily detection statistics refreshed successfully
[2025-11-03 16:30:02] 🔄 Refreshing Branch detection statistics...
[2025-11-03 16:30:02] ✅ Branch detection statistics refreshed successfully
[2025-11-03 16:30:02] 🔄 Refreshing Event logs daily statistics...
[2025-11-03 16:30:02] ✅ Event logs daily statistics refreshed successfully
[2025-11-03 16:30:02] 🔄 Refreshing Re-ID masters daily statistics...
[2025-11-03 16:30:02] ✅ Re-ID masters daily statistics refreshed successfully
[2025-11-03 16:30:02] ✅ All materialized views refreshed successfully!
[2025-11-03 16:30:02] ⏱️  Execution time: 57.13ms
[2025-11-03 17:00:02] 🔄 Starting materialized views refresh...
[2025-11-03 17:00:02] 🔄 Refreshing Daily detection statistics...
[2025-11-03 17:00:02] ✅ Daily detection statistics refreshed successfully
[2025-11-03 17:00:02] 🔄 Refreshing Branch detection statistics...
[2025-11-03 17:00:02] ✅ Branch detection statistics refreshed successfully
[2025-11-03 17:00:02] 🔄 Refreshing Event logs daily statistics...
[2025-11-03 17:00:02] ✅ Event logs daily statistics refreshed successfully
[2025-11-03 17:00:02] 🔄 Refreshing Re-ID masters daily statistics...
[2025-11-03 17:00:02] ✅ Re-ID masters daily statistics refreshed successfully
[2025-11-03 17:00:02] ✅ All materialized views refreshed successfully!
[2025-11-03 17:00:02] ⏱️  Execution time: 37.15ms
[2025-11-03 17:30:01] 🔄 Starting materialized views refresh...
[2025-11-03 17:30:01] 🔄 Refreshing Daily detection statistics...
[2025-11-03 17:30:01] ✅ Daily detection statistics refreshed successfully
[2025-11-03 17:30:01] 🔄 Refreshing Branch detection statistics...
[2025-11-03 17:30:01] ✅ Branch detection statistics refreshed successfully
[2025-11-03 17:30:01] 🔄 Refreshing Event logs daily statistics...
[2025-11-03 17:30:01] ✅ Event logs daily statistics refreshed successfully
[2025-11-03 17:30:01] 🔄 Refreshing Re-ID masters daily statistics...
[2025-11-03 17:30:01] ✅ Re-ID masters daily statistics refreshed successfully
[2025-11-03 17:30:01] ✅ All materialized views refreshed successfully!
[2025-11-03 17:30:01] ⏱️  Execution time: 42.24ms
[2025-11-03 18:00:02] 🔄 Starting materialized views refresh...
[2025-11-03 18:00:02] 🔄 Refreshing Daily detection statistics...
[2025-11-03 18:00:02] ✅ Daily detection statistics refreshed successfully
[2025-11-03 18:00:02] 🔄 Refreshing Branch detection statistics...
[2025-11-03 18:00:02] ✅ Branch detection statistics refreshed successfully
[2025-11-03 18:00:02] 🔄 Refreshing Event logs daily statistics...
[2025-11-03 18:00:02] ✅ Event logs daily statistics refreshed successfully
[2025-11-03 18:00:02] 🔄 Refreshing Re-ID masters daily statistics...
[2025-11-03 18:00:02] ✅ Re-ID masters daily statistics refreshed successfully
[2025-11-03 18:00:02] ✅ All materialized views refreshed successfully!
[2025-11-03 18:00:02] ⏱️  Execution time: 64.92ms
[2025-11-03 18:30:01] 🔄 Starting materialized views refresh...
[2025-11-03 18:30:01] 🔄 Refreshing Daily detection statistics...
[2025-11-03 18:30:01] ✅ Daily detection statistics refreshed successfully
[2025-11-03 18:30:01] 🔄 Refreshing Branch detection statistics...
[2025-11-03 18:30:01] ✅ Branch detection statistics refreshed successfully
[2025-11-03 18:30:01] 🔄 Refreshing Event logs daily statistics...
[2025-11-03 18:30:01] ✅ Event logs daily statistics refreshed successfully
[2025-11-03 18:30:01] 🔄 Refreshing Re-ID masters daily statistics...
[2025-11-03 18:30:01] ✅ Re-ID masters daily statistics refreshed successfully
[2025-11-03 18:30:01] ✅ All materialized views refreshed successfully!
[2025-11-03 18:30:01] ⏱️  Execution time: 61.69ms
[2025-11-03 19:00:01] 🔄 Starting materialized views refresh...
[2025-11-03 19:00:01] 🔄 Refreshing Daily detection statistics...
[2025-11-03 19:00:01] ✅ Daily detection statistics refreshed successfully
[2025-11-03 19:00:01] 🔄 Refreshing Branch detection statistics...
[2025-11-03 19:00:01] ✅ Branch detection statistics refreshed successfully
[2025-11-03 19:00:01] 🔄 Refreshing Event logs daily statistics...
[2025-11-03 19:00:01] ✅ Event logs daily statistics refreshed successfully
[2025-11-03 19:00:01] 🔄 Refreshing Re-ID masters daily statistics...
[2025-11-03 19:00:01] ✅ Re-ID masters daily statistics refreshed successfully
[2025-11-03 19:00:01] ✅ All materialized views refreshed successfully!
[2025-11-03 19:00:01] ⏱️  Execution time: 37.56ms
[2025-11-03 19:30:01] 🔄 Starting materialized views refresh...
[2025-11-03 19:30:01] 🔄 Refreshing Daily detection statistics...
[2025-11-03 19:30:01] ✅ Daily detection statistics refreshed successfully
[2025-11-03 19:30:01] 🔄 Refreshing Branch detection statistics...
[2025-11-03 19:30:01] ✅ Branch detection statistics refreshed successfully
[2025-11-03 19:30:01] 🔄 Refreshing Event logs daily statistics...
[2025-11-03 19:30:01] ✅ Event logs daily statistics refreshed successfully
[2025-11-03 19:30:01] 🔄 Refreshing Re-ID masters daily statistics...
[2025-11-03 19:30:01] ✅ Re-ID masters daily statistics refreshed successfully
[2025-11-03 19:30:01] ✅ All materialized views refreshed successfully!
[2025-11-03 19:30:01] ⏱️  Execution time: 37.58ms
[2025-11-03 20:00:01] 🔄 Starting materialized views refresh...
[2025-11-03 20:00:01] 🔄 Refreshing Daily detection statistics...
[2025-11-03 20:00:01] ✅ Daily detection statistics refreshed successfully
[2025-11-03 20:00:01] 🔄 Refreshing Branch detection statistics...
[2025-11-03 20:00:01] ✅ Branch detection statistics refreshed successfully
[2025-11-03 20:00:01] 🔄 Refreshing Event logs daily statistics...
[2025-11-03 20:00:01] ✅ Event logs daily statistics refreshed successfully
[2025-11-03 20:00:01] 🔄 Refreshing Re-ID masters daily statistics...
[2025-11-03 20:00:01] ✅ Re-ID masters daily statistics refreshed successfully
[2025-11-03 20:00:01] ✅ All materialized views refreshed successfully!
[2025-11-03 20:00:01] ⏱️  Execution time: 41.19ms
[2025-11-03 20:30:02] 🔄 Starting materialized views refresh...
[2025-11-03 20:30:02] 🔄 Refreshing Daily detection statistics...
[2025-11-03 20:30:02] ✅ Daily detection statistics refreshed successfully
[2025-11-03 20:30:02] 🔄 Refreshing Branch detection statistics...
[2025-11-03 20:30:02] ✅ Branch detection statistics refreshed successfully
[2025-11-03 20:30:02] 🔄 Refreshing Event logs daily statistics...
[2025-11-03 20:30:02] ✅ Event logs daily statistics refreshed successfully
[2025-11-03 20:30:02] 🔄 Refreshing Re-ID masters daily statistics...
[2025-11-03 20:30:02] ✅ Re-ID masters daily statistics refreshed successfully
[2025-11-03 20:30:02] ✅ All materialized views refreshed successfully!
[2025-11-03 20:30:02] ⏱️  Execution time: 121.49ms
[2025-11-04 10:00:02] 🔄 Starting materialized views refresh...
[2025-11-04 10:00:02] 🔄 Refreshing Daily detection statistics...
[2025-11-04 10:00:02] ✅ Daily detection statistics refreshed successfully
[2025-11-04 10:00:02] 🔄 Refreshing Branch detection statistics...
[2025-11-04 10:00:02] ✅ Branch detection statistics refreshed successfully
[2025-11-04 10:00:02] 🔄 Refreshing Event logs daily statistics...
[2025-11-04 10:00:02] ✅ Event logs daily statistics refreshed successfully
[2025-11-04 10:00:02] 🔄 Refreshing Re-ID masters daily statistics...
[2025-11-04 10:00:02] ✅ Re-ID masters daily statistics refreshed successfully
[2025-11-04 10:00:02] ✅ All materialized views refreshed successfully!
[2025-11-04 10:00:02] ⏱️  Execution time: 242.65ms
[2025-11-04 10:30:02] 🔄 Starting materialized views refresh...
[2025-11-04 10:30:02] 🔄 Refreshing Daily detection statistics...
[2025-11-04 10:30:02] ✅ Daily detection statistics refreshed successfully
[2025-11-04 10:30:02] 🔄 Refreshing Branch detection statistics...
[2025-11-04 10:30:02] ✅ Branch detection statistics refreshed successfully
[2025-11-04 10:30:02] 🔄 Refreshing Event logs daily statistics...
[2025-11-04 10:30:02] ✅ Event logs daily statistics refreshed successfully
[2025-11-04 10:30:02] 🔄 Refreshing Re-ID masters daily statistics...
[2025-11-04 10:30:02] ✅ Re-ID masters daily statistics refreshed successfully
[2025-11-04 10:30:02] ✅ All materialized views refreshed successfully!
[2025-11-04 10:30:02] ⏱️  Execution time: 67.81ms
[2025-11-04 11:00:01] 🔄 Starting materialized views refresh...
[2025-11-04 11:00:01] 🔄 Refreshing Daily detection statistics...
[2025-11-04 11:00:01] ✅ Daily detection statistics refreshed successfully
[2025-11-04 11:00:01] 🔄 Refreshing Branch detection statistics...
[2025-11-04 11:00:01] ✅ Branch detection statistics refreshed successfully
[2025-11-04 11:00:01] 🔄 Refreshing Event logs daily statistics...
[2025-11-04 11:00:01] ✅ Event logs daily statistics refreshed successfully
[2025-11-04 11:00:01] 🔄 Refreshing Re-ID masters daily statistics...
[2025-11-04 11:00:01] ✅ Re-ID masters daily statistics refreshed successfully
[2025-11-04 11:00:01] ✅ All materialized views refreshed successfully!
[2025-11-04 11:00:01] ⏱️  Execution time: 61.19ms
[2025-11-04 11:30:02] 🔄 Starting materialized views refresh...
[2025-11-04 11:30:02] 🔄 Refreshing Daily detection statistics...
[2025-11-04 11:30:02] ✅ Daily detection statistics refreshed successfully
[2025-11-04 11:30:02] 🔄 Refreshing Branch detection statistics...
[2025-11-04 11:30:02] ✅ Branch detection statistics refreshed successfully
[2025-11-04 11:30:02] 🔄 Refreshing Event logs daily statistics...
[2025-11-04 11:30:02] ✅ Event logs daily statistics refreshed successfully
[2025-11-04 11:30:02] 🔄 Refreshing Re-ID masters daily statistics...
[2025-11-04 11:30:02] ✅ Re-ID masters daily statistics refreshed successfully
[2025-11-04 11:30:02] ✅ All materialized views refreshed successfully!
[2025-11-04 11:30:02] ⏱️  Execution time: 104.58ms
[2025-11-04 12:00:02] 🔄 Starting materialized views refresh...
[2025-11-04 12:00:02] 🔄 Refreshing Daily detection statistics...
[2025-11-04 12:00:02] ✅ Daily detection statistics refreshed successfully
[2025-11-04 12:00:02] 🔄 Refreshing Branch detection statistics...
[2025-11-04 12:00:02] ✅ Branch detection statistics refreshed successfully
[2025-11-04 12:00:02] 🔄 Refreshing Event logs daily statistics...
[2025-11-04 12:00:02] ✅ Event logs daily statistics refreshed successfully
[2025-11-04 12:00:02] 🔄 Refreshing Re-ID masters daily statistics...
[2025-11-04 12:00:02] ✅ Re-ID masters daily statistics refreshed successfully
[2025-11-04 12:00:02] ✅ All materialized views refreshed successfully!
[2025-11-04 12:00:02] ⏱️  Execution time: 220.03ms
[2025-11-04 12:30:02] 🔄 Starting materialized views refresh...
[2025-11-04 12:30:02] 🔄 Refreshing Daily detection statistics...
[2025-11-04 12:30:02] ✅ Daily detection statistics refreshed successfully
[2025-11-04 12:30:02] 🔄 Refreshing Branch detection statistics...
[2025-11-04 12:30:02] ✅ Branch detection statistics refreshed successfully
[2025-11-04 12:30:02] 🔄 Refreshing Event logs daily statistics...
[2025-11-04 12:30:02] ✅ Event logs daily statistics refreshed successfully
[2025-11-04 12:30:02] 🔄 Refreshing Re-ID masters daily statistics...
[2025-11-04 12:30:02] ✅ Re-ID masters daily statistics refreshed successfully
[2025-11-04 12:30:02] ✅ All materialized views refreshed successfully!
[2025-11-04 12:30:02] ⏱️  Execution time: 53.85ms
[2025-11-04 13:00:02] 🔄 Starting materialized views refresh...
[2025-11-04 13:00:02] 🔄 Refreshing Daily detection statistics...
[2025-11-04 13:00:02] ✅ Daily detection statistics refreshed successfully
[2025-11-04 13:00:02] 🔄 Refreshing Branch detection statistics...
[2025-11-04 13:00:02] ✅ Branch detection statistics refreshed successfully
[2025-11-04 13:00:02] 🔄 Refreshing Event logs daily statistics...
[2025-11-04 13:00:02] ✅ Event logs daily statistics refreshed successfully
[2025-11-04 13:00:02] 🔄 Refreshing Re-ID masters daily statistics...
[2025-11-04 13:00:02] ✅ Re-ID masters daily statistics refreshed successfully
[2025-11-04 13:00:02] ✅ All materialized views refreshed successfully!
[2025-11-04 13:00:02] ⏱️  Execution time: 101.97ms
[2025-11-04 13:30:02] 🔄 Starting materialized views refresh...
[2025-11-04 13:30:02] 🔄 Refreshing Daily detection statistics...
[2025-11-04 13:30:02] ✅ Daily detection statistics refreshed successfully
[2025-11-04 13:30:02] 🔄 Refreshing Branch detection statistics...
[2025-11-04 13:30:02] ✅ Branch detection statistics refreshed successfully
[2025-11-04 13:30:02] 🔄 Refreshing Event logs daily statistics...
[2025-11-04 13:30:02] ✅ Event logs daily statistics refreshed successfully
[2025-11-04 13:30:02] 🔄 Refreshing Re-ID masters daily statistics...
[2025-11-04 13:30:02] ✅ Re-ID masters daily statistics refreshed successfully
[2025-11-04 13:30:02] ✅ All materialized views refreshed successfully!
[2025-11-04 13:30:02] ⏱️  Execution time: 117.26ms
[2025-11-04 14:00:02] 🔄 Starting materialized views refresh...
[2025-11-04 14:00:02] 🔄 Refreshing Daily detection statistics...
[2025-11-04 14:00:02] ✅ Daily detection statistics refreshed successfully
[2025-11-04 14:00:02] 🔄 Refreshing Branch detection statistics...
[2025-11-04 14:00:02] ✅ Branch detection statistics refreshed successfully
[2025-11-04 14:00:02] 🔄 Refreshing Event logs daily statistics...
[2025-11-04 14:00:02] ✅ Event logs daily statistics refreshed successfully
[2025-11-04 14:00:02] 🔄 Refreshing Re-ID masters daily statistics...
[2025-11-04 14:00:02] ✅ Re-ID masters daily statistics refreshed successfully
[2025-11-04 14:00:02] ✅ All materialized views refreshed successfully!
[2025-11-04 14:00:02] ⏱️  Execution time: 80.62ms
[2025-11-04 14:30:01] 🔄 Starting materialized views refresh...
[2025-11-04 14:30:01] 🔄 Refreshing Daily detection statistics...
[2025-11-04 14:30:01] ✅ Daily detection statistics refreshed successfully
[2025-11-04 14:30:01] 🔄 Refreshing Branch detection statistics...
[2025-11-04 14:30:01] ✅ Branch detection statistics refreshed successfully
[2025-11-04 14:30:01] 🔄 Refreshing Event logs daily statistics...
[2025-11-04 14:30:01] ✅ Event logs daily statistics refreshed successfully
[2025-11-04 14:30:01] 🔄 Refreshing Re-ID masters daily statistics...
[2025-11-04 14:30:01] ✅ Re-ID masters daily statistics refreshed successfully
[2025-11-04 14:30:01] ✅ All materialized views refreshed successfully!
[2025-11-04 14:30:01] ⏱️  Execution time: 111.08ms
[2025-11-04 15:00:02] 🔄 Starting materialized views refresh...
[2025-11-04 15:00:02] 🔄 Refreshing Daily detection statistics...
[2025-11-04 15:00:02] ✅ Daily detection statistics refreshed successfully
[2025-11-04 15:00:02] 🔄 Refreshing Branch detection statistics...
[2025-11-04 15:00:02] ✅ Branch detection statistics refreshed successfully
[2025-11-04 15:00:02] 🔄 Refreshing Event logs daily statistics...
[2025-11-04 15:00:02] ✅ Event logs daily statistics refreshed successfully
[2025-11-04 15:00:02] 🔄 Refreshing Re-ID masters daily statistics...
[2025-11-04 15:00:02] ✅ Re-ID masters daily statistics refreshed successfully
[2025-11-04 15:00:02] ✅ All materialized views refreshed successfully!
[2025-11-04 15:00:02] ⏱️  Execution time: 74.87ms
[2025-11-04 15:29:59] 🔄 Starting materialized views refresh...
[2025-11-04 15:29:59] 🔄 Refreshing Daily detection statistics...
[2025-11-04 15:29:59] ✅ Daily detection statistics refreshed successfully
[2025-11-04 15:29:59] 🔄 Refreshing Branch detection statistics...
[2025-11-04 15:29:59] ✅ Branch detection statistics refreshed successfully
[2025-11-04 15:29:59] 🔄 Refreshing Event logs daily statistics...
[2025-11-04 15:29:59] ✅ Event logs daily statistics refreshed successfully
[2025-11-04 15:29:59] 🔄 Refreshing Re-ID masters daily statistics...
[2025-11-04 15:29:59] ✅ Re-ID masters daily statistics refreshed successfully
[2025-11-04 15:29:59] ✅ All materialized views refreshed successfully!
[2025-11-04 15:29:59] ⏱️  Execution time: 167.92ms
[2025-11-04 16:00:02] 🔄 Starting materialized views refresh...
[2025-11-04 16:00:02] 🔄 Refreshing Daily detection statistics...
[2025-11-04 16:00:02] ✅ Daily detection statistics refreshed successfully
[2025-11-04 16:00:02] 🔄 Refreshing Branch detection statistics...
[2025-11-04 16:00:02] ✅ Branch detection statistics refreshed successfully
[2025-11-04 16:00:02] 🔄 Refreshing Event logs daily statistics...
[2025-11-04 16:00:02] ✅ Event logs daily statistics refreshed successfully
[2025-11-04 16:00:02] 🔄 Refreshing Re-ID masters daily statistics...
[2025-11-04 16:00:02] ✅ Re-ID masters daily statistics refreshed successfully
[2025-11-04 16:00:02] ✅ All materialized views refreshed successfully!
[2025-11-04 16:00:02] ⏱️  Execution time: 57.68ms
[2025-11-04 16:30:01] 🔄 Starting materialized views refresh...
[2025-11-04 16:30:01] 🔄 Refreshing Daily detection statistics...
[2025-11-04 16:30:01] ✅ Daily detection statistics refreshed successfully
[2025-11-04 16:30:01] 🔄 Refreshing Branch detection statistics...
[2025-11-04 16:30:01] ✅ Branch detection statistics refreshed successfully
[2025-11-04 16:30:01] 🔄 Refreshing Event logs daily statistics...
[2025-11-04 16:30:01] ✅ Event logs daily statistics refreshed successfully
[2025-11-04 16:30:01] 🔄 Refreshing Re-ID masters daily statistics...
[2025-11-04 16:30:01] ✅ Re-ID masters daily statistics refreshed successfully
[2025-11-04 16:30:01] ✅ All materialized views refreshed successfully!
[2025-11-04 16:30:01] ⏱️  Execution time: 63.72ms
[2025-11-04 17:00:02] 🔄 Starting materialized views refresh...
[2025-11-04 17:00:02] 🔄 Refreshing Daily detection statistics...
[2025-11-04 17:00:02] ✅ Daily detection statistics refreshed successfully
[2025-11-04 17:00:02] 🔄 Refreshing Branch detection statistics...
[2025-11-04 17:00:02] ✅ Branch detection statistics refreshed successfully
[2025-11-04 17:00:02] 🔄 Refreshing Event logs daily statistics...
[2025-11-04 17:00:02] ✅ Event logs daily statistics refreshed successfully
[2025-11-04 17:00:02] 🔄 Refreshing Re-ID masters daily statistics...
[2025-11-04 17:00:02] ✅ Re-ID masters daily statistics refreshed successfully
[2025-11-04 17:00:02] ✅ All materialized views refreshed successfully!
[2025-11-04 17:00:02] ⏱️  Execution time: 54ms
[2025-11-04 17:30:01] 🔄 Starting materialized views refresh...
[2025-11-04 17:30:02] 🔄 Refreshing Daily detection statistics...
[2025-11-04 17:30:02] ✅ Daily detection statistics refreshed successfully
[2025-11-04 17:30:02] 🔄 Refreshing Branch detection statistics...
[2025-11-04 17:30:02] ✅ Branch detection statistics refreshed successfully
[2025-11-04 17:30:02] 🔄 Refreshing Event logs daily statistics...
[2025-11-04 17:30:02] ✅ Event logs daily statistics refreshed successfully
[2025-11-04 17:30:02] 🔄 Refreshing Re-ID masters daily statistics...
[2025-11-04 17:30:02] ✅ Re-ID masters daily statistics refreshed successfully
[2025-11-04 17:30:02] ✅ All materialized views refreshed successfully!
[2025-11-04 17:30:02] ⏱️  Execution time: 90.05ms
[2025-11-04 18:00:01] 🔄 Starting materialized views refresh...
[2025-11-04 18:00:01] 🔄 Refreshing Daily detection statistics...
[2025-11-04 18:00:01] ✅ Daily detection statistics refreshed successfully
[2025-11-04 18:00:01] 🔄 Refreshing Branch detection statistics...
[2025-11-04 18:00:01] ✅ Branch detection statistics refreshed successfully
[2025-11-04 18:00:01] 🔄 Refreshing Event logs daily statistics...
[2025-11-04 18:00:01] ✅ Event logs daily statistics refreshed successfully
[2025-11-04 18:00:01] 🔄 Refreshing Re-ID masters daily statistics...
[2025-11-04 18:00:01] ✅ Re-ID masters daily statistics refreshed successfully
[2025-11-04 18:00:01] ✅ All materialized views refreshed successfully!
[2025-11-04 18:00:01] ⏱️  Execution time: 70.53ms
Error response from daemon: No such container: cctv_app_staging
Error response from daemon: No such container: cctv_app_staging
Error response from daemon: No such container: cctv_app_staging
Error response from daemon: No such container: cctv_app_staging
Error response from daemon: No such container: cctv_app_staging
Error response from daemon: No such container: cctv_app_staging
Error response from daemon: No such container: cctv_app_staging
Error response from daemon: No such container: cctv_app_staging
